finding_id,agent,section,question,standardized_verdict,raw_value,unit,current_period,prior_period,trend,peer_benchmark,peer_verdict,score,max_score,penalty,confidence_1_to_5,materiality,evidence,as_of_date,analyst_interpretation,red_flag_triggered,red_flag_id,follow_up_required
"01-001","management-and-track-record","Key executives","Founder CEO tenure and owner-operator status","Green","13","years","2026-08-30","Founded 2013","Stable","No peer set — relative governance not assessed","Not assessed","15","20","0","5","High","[FY2025 Form 20-F, Item 6A, pp. 187–188; Item 7A, p. 203]","2026-08-30","Founder CEO-chair remains in control; 74.4% voting power establishes control, not an inferred economic ownership percentage.","No","",""
"01-002","management-and-track-record","Management stability","CFO turnover","Amber","1","planned CFO transition","2026-07-13","Lago: 5 years CFO / 7 years at Nu","New CFO","No peer set — relative governance not assessed","Not assessed","","","0","4","High","[Q2 2026 earnings-call transcript, pp. 6–8; Capital IQ Corporate Timeline, 2026-06-01]","2026-08-30","A supported handover is better than an abrupt departure, but Livingston has too little tenure to assess performance.","No","","Review Q3 2026 filing and call for continuity in reporting, capital and liquidity stewardship."
"01-003","management-and-track-record","Management stability","A13-04 — Top-management team vintage","Green","8","median years at Nu","2026-08-30","N/A","Stable core; one new CFO","No peer set — relative governance not assessed","Not assessed","","","0","4","High","[FY2025 Form 20-F, Item 6A, pp. 190–192; Capital IQ Professionals, data as of 2026-08-29]","2026-08-30","Core calculation is CEO 13, CFO 0.1, CGO 13, CRO 8 and LATAM CEO 6 years. Median is 8 years, above the ≥4-year Green band; the CFO handover is separately monitored.","No","",""
"01-004","management-and-track-record","Management stability","A13-05 — Second-level team quality & bench","Amber","9","named management officers","FY2025","8 named officers in FY2024 table","Expanded / reshaped","No peer set — relative governance not assessed","Not assessed","10","15","0","5","Medium","[FY2024 Form 20-F, Item 6A, p. 272; FY2025 Form 20-F, Item 6A, pp. 190–192]","2026-08-30","The filing names leaders for growth, risk, Brazil, people, technology, design and policy, so execution is not visibly only founder-run. It does not disclose a formal successor slate or an organisation-level bench.","No","","Request succession-plan disclosure and reporting lines for the CFO, Brazil/LATAM and technology roles."
"01-005","management-and-track-record","Management stability","Senior departures / unexplained role changes","Amber","2","former senior roles absent from following annual roster","FY2025 roster","FY2024 roster: President/COO and CTO listed","Deteriorating disclosure","No peer set — relative governance not assessed","Not assessed","","","0","5","Medium","[FY2024 Form 20-F, Item 6A, p. 272; FY2025 Form 20-F, Item 6A, pp. 190–192]","2026-08-30","The records show role/roster changes but do not supply an exit date, reason or explicit successor disclosure. Absence from a later roster is not treated as misconduct or even a confirmed departure.","No","","Obtain the relevant 6-Ks or company announcements for Youssef Lahrech and Vitor Guarino Olivier."
"01-006","management-and-track-record","Promise vs delivery","Cost-to-serve ceiling","Green","1.00","US$ per active customer per month","Q2 2026","Q4 2024: 0.80; Q2 2023: 0.80","At ceiling; target met","No peer set — relative governance not assessed","Not assessed","20","30","0","3","High","[Q4 2023 earnings-call transcript, p. 8; Q4 2024 earnings-call transcript, p. 8; Q2 2026 earnings presentation, slide 28]","2026-08-13","Management's at-or-below-US$1 commitment was met, although Q2 2026 no longer has cushion below the target.","No","","Track the metric against the US$1 ceiling after U.S. investment and higher processing costs."
"01-007","management-and-track-record","Promise vs delivery","Reversal of Q4 2023 efficiency-ratio spike","Green","-390","basis points","Q1 2024: 32.1%","Q4 2023: 36.0%","Improving","No peer set — relative governance not assessed","Not assessed","","","0","3","Medium","[Q4 2023 earnings-call transcript, p. 18; Q1 2024 earnings-call transcript, p. 8]","2024-05-14","The actual 390bp reduction exceeded the roughly 170bp temporary effect management described. This tests one short-term operational statement, not broad forecasting ability.","No","",""
"01-008","management-and-track-record","Promise vs delivery","FY2026 efficiency-ratio target","Amber","19.5","percent","Q2 2026","Q1 2026: 17.6%","Normalising toward target","No peer set — relative governance not assessed","Not assessed","","","0","3","High","[Q1 2026 earnings-call transcript, p. 8; Q2 2026 earnings-call transcript, p. 8]","2026-08-13","Q2 is consistent with the about-20% full-year target, but no FY2026 result exists.","No","","Recompute the FY2026 average on the same managerial-P&L definition after Q4."
"01-009","management-and-track-record","Disclosure / track-record coverage","Formal revenue, IFRS EPS, EBIT and capex guidance","Amber","0","formal numeric guides","FY2026","N/A","Stable policy","No peer set — relative governance not assessed","Not assessed","5","10","0","4","Medium","[Guidance & Consensus — NU, §2, 2026-08-30; Q2 2026 earnings-call transcript, pp. 8–11]","2026-08-30","The absence of formal guidance limits the promise-versus-delivery sample; it is a disclosure limitation, not evidence of a miss.","No","","Ask management whether it will provide a defined revenue, profitability or capital target with a reporting basis."
"01-010","management-and-track-record","Turnaround test","Is NU a governance turnaround?","Not Applicable","0","years of turnaround evidence required","2026-08-30","N/A","N/A","N/A","N/A","","","0","5","Medium","[FY2025 Form 20-F, Item 6A, pp. 187–192; Q2 2026 earnings-call transcript, pp. 6 and 8]","2026-08-30","Founder-led continuity and current profitability do not meet the definition of a struggling business under new management. No turnaround credit or cap applies.","No","",""
"01-011","management-and-track-record","Integrity test","Routed unverified adverse integrity signal","Not Applicable","0","routed signals","2026-08-30","N/A","N/A","N/A","N/A","","","0","5","High","[Business-model Disqualifier Scan — NU, §§1–3, 2026-08-30]","2026-08-30","No signal was routed to this agent. No `RF-MGT-005` is emitted.","No","",""
"01-012","management-and-track-record","Promise vs delivery","U.S. investment efficiency-ratio ceiling","Amber","100","basis points maximum annual headwind","FY2026 / FY2027","N/A","Not yet reported","No peer set — relative governance not assessed","Not assessed","","","0","3","High","[Q1 2026 earnings-call transcript, p. 9]","2026-08-30","The target is stated, but no full-year outcome exists. It is not included as a kept promise.","No","","Measure annual U.S. operating-expense effect using the same managerial-P&L efficiency-ratio definition."
"01-013","management-and-track-record","Promise vs delivery","IFRS effective-tax-rate target","Amber","14.2","percent","Q2 2026","Target: 15%–20% for remainder of FY2026","One period, below range","No peer set — relative governance not assessed","Not assessed","","","0","5","Medium","[Q1 2026 earnings-call transcript, p. 8; Q2 2026 Unaudited Interim Condensed Consolidated Financial Statements, Note 30, p. 36]","2026-08-30","US$175.224m tax expense ÷ US$1,236.313m pre-tax income = 14.2%. One quarter cannot settle a remainder-of-year target.","No","","Reassess after FY2026 financial statements, including the deferred-tax bridge."
"01-014","management-and-track-record","Key executives","Current executive roles and relevant background mapped","Green","5","key executives profiled","2026-08-30","N/A","Stable / updated for CFO and LATAM roles","No peer set — relative governance not assessed","Not assessed","","","0","4","High","[FY2025 Form 20-F, Item 6A, pp. 187–192; Capital IQ Professionals, data as of 2026-08-29]","2026-08-30","The filing and current vendor profile support the CEO, co-founder/CGO, CRO, CFO and LATAM-CEO profiles; no character inference is drawn from résumés.","No","",""
"02-001","capital-allocation-scorecard","Uses of capital","Cash uses relative to CFO","Amber","5,923.649","USD m CFO","FY2023–H1 FY2026","N/A","H1 CFO negative","No peer set — relative governance not assessed","Not assessed","","","0","5","High","[FY2025 Form 20-F, FY2025, Consolidated Statements of Cash Flows, pp.F14–F15; H1 2026 Unaudited Interim Condensed Consolidated Financial Statements, Statement of Cash Flows, p.12]","2026-06-30","Capex US$793.236m, buybacks US$500.393m and gross debt repayments US$1,608.704m equal 13.4%, 8.4% and 27.2% of CFO. CFO is not distributable cash for this lender.","No","","Reassess the cash-flow mix after FY2026, separating loan-book funding from operating cash generation."
"02-002","capital-allocation-scorecard","Organic reinvestment","Capex and incremental ROIC","Amber","793.236","USD m cash capex","FY2023–H1 FY2026","FY2023 annual capex 177.003","Higher in FY2025; lower H1 run rate","No peer set — relative governance not assessed","Not assessed","17","25","0","5","High","[FY2025 Form 20-F, FY2025, Consolidated Statements of Cash Flows, p.F15; H1 2026 Unaudited Interim Condensed Consolidated Financial Statements, Statement of Cash Flows, p.12]","2026-06-30","Spending is measured, but ΔNOPAT/Δinvested capital is not meaningful or computable on a comparable basis for this deposit-funded lender.","No","","Request a management return framework for product, software and market-expansion investment."
"02-003","capital-allocation-scorecard","M&A","Completed acquisitions and associate investment: price, returns and opportunity cost","Amber","106.541","USD m cash-flow categories","FY2023–FY2025","N/A","New 2024–25 cash uses","No peer set — relative governance not assessed","Not assessed","10","20","0","5","High","[FY2025 Form 20-F, FY2025, Consolidated Statements of Cash Flows, p.F15; Note 31, pp.F84–F86]","2026-04-08","Build: US$7.176m acquisition-of-subsidiary cash outflow net of cash acquired plus US$99.365m associates investment. This is not a total M&A price because stock consideration is not dollar-disclosed. No deal-level return or forced-divestiture evidence is disclosed.","No","","Obtain consideration, earn-out, integration-cost and return-hurdle disclosures for each acquisition and associate investment."
"02-004","capital-allocation-scorecard","M&A","Hyperplane delivery test","Insufficient Data","0","disclosed standalone return metrics","FY2024 acquisition","N/A","Not enough post-deal disclosure","No peer set — relative governance not assessed","Not assessed","","","0","5","Medium","[FY2025 Form 20-F, FY2025, Business Overview, pp.27–28]","2026-04-08","The stated AI-capability rationale is not a measured synergy, profit or return outcome.","No","","Ask for price, retention, product deployment and measured commercial outcome."
"02-005","capital-allocation-scorecard","M&A","Banco Porto Real acquisition approval, consideration and funding test","Amber","100","percent of target agreed to acquire","Announced 2026-07-20","N/A","Pending regulatory approval","No peer set — relative governance not assessed","Not assessed","","","0","5","High","[H1 2026 Unaudited Interim Condensed Consolidated Financial Statements, Note 35(b), p.43]","2026-08-14","The licence rationale is specific, but price, funding and delivery are not disclosed and the transaction is not complete.","No","","Verify Brazilian Central Bank approval, final consideration, capital effect and integration costs."
"02-006","capital-allocation-scorecard","Buybacks","H1 FY2026 buyback amount, implied average price and end-period share effect","Green","500.393","USD m","H1 FY2026","No regular programme FY2023–FY2025","Improving end-period count","No peer set — relative governance not assessed","Not assessed","15","20","0","5","High","[H1 2026 Unaudited Interim Condensed Consolidated Financial Statements, Notes 9, 10 and 31, pp.17–18 and 37–39]","2026-06-30","US$500.393m ÷ 40.6596m Class A shares = US$12.31 implied average price. Total issued shares fell 24.985m (0.5%) from December after awards and tax withholding; the benefit is real at period end but only one month old.","No","","Test FY2026 full-year net share count, average purchase price, cancellation policy and buyback pace."
"02-007","capital-allocation-scorecard","Buybacks","Net share-count reduction versus SBC dilution","Amber","0.224","percent","H1 FY2026 diluted weighted-average shares","H1 FY2025","Deteriorating on weighted basis; improving at end period","No peer set — relative governance not assessed","Not assessed","","","0","5","Medium","[H1 2026 Unaudited Interim Condensed Consolidated Financial Statements, Notes 9, 10 and 31, pp.17–18 and 37–39]","2026-06-30","The contradicting metric matters: end-period issued shares were down 0.5%, but H1 diluted weighted-average shares were 4,908.841m versus 4,897.849m, up 0.2%, because the repurchase started late.","No","","Compare FY2026 weighted diluted shares and fully diluted overhang with the executed programme total."
"02-008","capital-allocation-scorecard","Dividends","A10-01 — Dividend policy & consistency","Amber","0","percent payout ratio","FY2025","FY2022–FY2024 also no cash dividends per company statement","Stable retention policy","No peer set — relative governance not assessed","Not assessed","8","15","0","5","Medium","[FY2025 Form 20-F, FY2025, Item 8.A “Dividend and Dividend Policy,” p.206]","2026-04-08","Nu has never paid a dividend and has no formal dividend policy. This does not meet the Green policy-and-four-year test, but it is not an erratic cut or a debt-funded payout, so RF-CAP-003 does not fire.","No","","Ask whether the board has a capital-return framework, payout preconditions or a dividend-policy trigger."
"02-009","capital-allocation-scorecard","Distribution conduct","A10-05 — Buyback vs dividend conduct","Amber","1,000","USD m authorization","2026-06-04 to 2027-06-03","N/A","New programme","No peer set — relative governance not assessed","Not assessed","","","0","5","High","[H1 2026 Unaudited Interim Condensed Consolidated Financial Statements, Note 31(e), p.39; Business-model Disqualifier Scan — NU, 2026-08-30, §1]","2026-08-30","Class A open-market or negotiated purchases are permitted, but the filing does not identify sellers or state an all-shareholder dividend-versus-buyback rationale. Pledge data are not sufficient to test promoter participation while pledged.","No","","Obtain seller/insider-participation disclosure, buyback rationale and pledged-share numerator before calling conduct Green."
"02-010","capital-allocation-scorecard","Balance sheet","Capital-return funding capacity — strict net cash","Green","7,744.6","USD m strict net cash","2026-06-30","FY2025 strict net cash was US$10,605.4m on a narrower historical-financials scope","Less net cash, still positive","No peer set — relative governance not assessed","Not assessed","9","10","0","5","High","[H1 2026 Unaudited Interim Condensed Consolidated Financial Statements, Statements of Financial Position, p.8; Notes 11, 21 and 24, pp.14, 27 and 32; CIQ Financials→Balance Sheet “Total Debt” and “Net Debt” [Jun-30-2026] — vendor basis, deterministic `ciq_facts.json` read]","2026-06-30","Filing build: cash US$13,551.6m − borrowings/financing US$4,682.3m − repos US$1,058.3m − leases US$66.4m = US$7,744.6m. CIQ reports US$5,896.7m debt and US$(9,274.2)m net debt on a different vendor basis; it is not used as the filing calculation.","No","","Reconcile all funding scopes, including deposits and repos, with the balance-sheet-survival module before judging capital-return capacity."
"02-011","capital-allocation-scorecard","Per-share value creation","Diluted EPS trajectory","Green","175.6","percent","FY2025 diluted EPS US$0.5846","FY2023 diluted EPS US$0.2121","Improving","No peer set — relative governance not assessed","Not assessed","6","10","0","5","High","[FY2025 Form 20-F, FY2025, Consolidated Statements of Income, pp.F6–F7; Note 9, pp.F45–F46]","2026-04-08","Diluted EPS increased US$0.3725 per share over two fiscal years. This confirms a per-share earnings outcome, not that any single use of capital caused it.","No","","Reassess after FY2026 with a return-on-equity and capital-adequacy bridge appropriate for a bank."
"03-001","incentives-and-compensation","Remuneration","A6-01 — Pay vs statutory cap & profit","Not Applicable","91.3","USD m aggregate directors/key management","FY2025","—","Not enough history for cap test","Cayman issuer; India threshold inapplicable","Not assessed","","","","5","Low","[FY2025 Form 20-F, Item 6B — Directors and Key Management Compensation, p.194]","2025-12-31","India Sec. 197 cap is not Nu's regime. The pool does not establish a Cayman statutory cap, and no individual-pay total is disclosed.","No","",""
"03-002","incentives-and-compensation","Remuneration","A6-02 — Promoter-executive pay vs peers & statutory gates","Insufficient Data","91.3","USD m aggregate; CEO individual pay unavailable","FY2025","96.0 USD m aggregate FY2024","Aggregate down 4.9%; individual trend unknown","Peer criteria disclosed; peers and percentiles not disclosed","Not assessed","5","10","5","5","High","[FY2025 Form 20-F, Item 6B — Directors and Key Management Compensation and Peer Group, pp.194–195; FY2024 Form 20-F, Item 6B — Directors and Key Management Compensation]","2025-12-31","Aggregate pay declined, but it cannot prove CEO pay, founder pay, peer position, or pay-versus-profit alignment.","No","","Obtain the issuer's remuneration schedule or AGM materials with CEO/CFO pay and peer percentile."
"03-003","incentives-and-compensation","Remuneration","A6-03 — Pay-for-performance linkage","Amber","0","disclosed individual metric weights","FY2025","—","Not enough history","No peer pay metrics available","Not assessed","7","20","13","5","High","[FY2025 Form 20-F, Item 6B — Profit Sharing and Share-Based Compensation, p.195]","2025-12-31","Variable pay and annual RSUs exist, but named goals, weights, thresholds, and target-versus-actual payouts are not disclosed.","No","","Obtain annual bonus and LTI scorecards, including definitions, weights, targets and payouts."
"03-004","incentives-and-compensation","Remuneration","A6-04 — ESOP / RSU / SAR dilution & pricing","Green","0.775","% annual RSU grant burn","FY2025","—","Not enough history","<2% annual burn; <10% total overhang","Better than threshold","","","0","5","Medium","[FY2025 Form 20-F, Note 10 — Share-based payments, F-45–F-46; Item 6B — Omnibus Incentive Plan, p.196; Description of Share Capital — Options and RSUs, p.212; CIQ Comps → Financial Data, Shares Outstanding Latest, as of 2026-08-29 — vendor export]","2026-08-29","37.616m RSUs granted / 4,855.674m FY2025 shares = 0.775%; 74.908m outstanding options plus RSUs / 4,855.674m = 1.543%. The small CIQ date-basis difference does not alter either band.","No","","Monitor FY2026 awards and reconcile the minor Note 10 versus Description of Share Capital RSU-count difference."
"03-005","incentives-and-compensation","Remuneration","A6-05 — CEO-to-median ratio & severance","Amber","0","disclosed transaction-linked cash benefit","FY2025","—","Not enough history","≤2 years' pay and double-trigger standard","Not assessed","","","0","5","Medium","[FY2025 Form 20-F, Item 6B — Share-Based Compensation, p.195; Omnibus Incentive Plan and SOP — Change in Control, pp.198–199]","2025-12-31","The filing discloses no corporate-transaction cash compensation but permits board-discretionary award acceleration. CEO/median ratio and cash severance remain unassessable.","No","","Obtain executive employment agreements and change-in-control award treatment by executive."
"03-006","incentives-and-compensation","Remuneration","A6-06 — Clawback & malus provisions","Green","3","completed fiscal-year lookback","FY2025","—","Stable policy; updated 2026-02-04","U.S. Rule 10D-1-style three-year no-fault standard","In line","","","0","5","Medium","[FY2025 Form 20-F, Item 6F, p.202; Exhibit 97.1 — Compensation Clawback Policy, pp.1–4]","2026-04-08","Policy requires recoupment after qualifying restatements without fault and bars indemnification; no recovery was required in or after FY2025.","No","","Recheck any future restatement and whether recovery was initiated."
"03-007","incentives-and-compensation","Remuneration","A6-07 — Promoter family on payroll","Insufficient Data","","","FY2025","—","Not enough history","No disclosed family-pay benchmark","Not assessed","","","","4","Medium","[FY2025 Form 20-F, Item 6B — Compensation of Directors and Management Team, p.194]","2025-12-31","Individual pay and family relationships are not disclosed in the compensation section; absence of disclosure cannot establish no family payroll.","No","","Obtain related-party and remuneration detail identifying any founder/family employment and compensation."
"03-008","incentives-and-compensation","Remuneration","A6-08 — NED / ID compensation structure","Amber","","cash/equity ratio not disclosed","FY2025","—","Not enough history","Local standard assessed; no India no-options rule applied","Not assessed","","","0","5","Medium","[FY2025 Form 20-F, Item 6B — Board of Directors, p.195]","2025-12-31","Paid independent directors receive cash and share-based compensation, primarily equity-weighted, but the amount, ratio and grants are not disclosed. Equity is not a Red finding merely because Nu is not an Indian issuer.","No","","Obtain director-pay table and individual equity grants."
"03-009","incentives-and-compensation","Remuneration","A6-09 — Problematic pay practices","Amber","1","explicit repricing-without-vote prohibition","FY2025","—","Not enough history","No repricing without vote; no gross-up/guaranteed-bonus disclosure","In line on disclosed items","","","0","5","Medium","[FY2025 Form 20-F, Omnibus Incentive Plan — Amendment and Change in Control, p.198; SOP — Change in Control, p.199]","2025-12-31","Repricing without shareholder approval is prohibited. No gross-up or guaranteed multi-year bonus is disclosed, but discretionary change-in-control acceleration prevents a fully Green read.","No","","Obtain plan award agreements and transaction-agreement treatment of outstanding awards."
"03-010","incentives-and-compensation","Remuneration","A6-09 — Dissent response","Insufficient Data","","","FY2025","—","Not enough history","≥20% votes-against threshold","Not assessed","","","","4","Medium","[FY2025 Form 20-F, Item 6B, pp.194–199 — reviewed disclosure]","2026-04-08","No remuneration vote-support figure or board response is included in the supplied materials.","No","","Obtain FY2025 AGM notice, vote results and any board response to pay dissent."
"03-011","incentives-and-compensation","Human capital","A12-01 — Attrition","Insufficient Data","15.0","% year-on-year employee-count growth","FY2025","8,716 employees FY2024","Headcount increased; attrition unknown","Industry median unavailable","Not assessed","","","","5","Medium","[FY2025 Form 20-F, Item 6D — Employees, p.200]","2025-12-31","10,027 employees versus 8,716 is hiring/net-headcount growth, not an attrition statistic.","No","","Obtain voluntary and total attrition by country/function with industry comparator."
"03-012","incentives-and-compensation","Human capital","A12-02 — Median-employee pay vs executive pay","Insufficient Data","","","FY2025","—","Not enough history","Median pay rising at least with inflation","Not assessed","","","","4","Medium","[FY2025 Form 20-F, Item 6B and Item 6D, pp.194, 200]","2025-12-31","Neither median employee pay nor CEO/CFO pay is disclosed, preventing a divergence test.","No","","Obtain median-compensation series and executive pay series on a matched currency and population basis."
"03-013","incentives-and-compensation","Human capital","A12-03 — ESOP pool breadth","Amber","88","% of active employees granted share awards","FY2025","—","Not enough history","Broad-based retention tool","Better than a top-concentrated pool; founder grant allocation unknown","","","0","5","Medium","[FY2025 Form 20-F, Business — World-Class Talent; Note 10 — Share-based payments, F-45–F-46; Item 6B — Omnibus Incentive Plan, pp.196–197]","2025-12-31","Coverage is broad, but the plan also permits officer and non-employee-director grants and individual allocations are not disclosed.","No","","Obtain grant distribution by employee level and identify any founder/CEO award."
"03-014","incentives-and-compensation","Human capital","A12-04 — Workplace-conduct record","Insufficient Data","3.795","USD m labor-risk provision","FY2025","3.018 USD m FY2024","Provision up 25.7%; complaint outcomes unknown","Clean/resolved complaint and safety statistics","Not assessed","","","","5","Medium","[FY2025 Form 20-F, Note 25 — Provisions and contingent liabilities, F-75; Item 16B — Code of Ethics, p.240]","2025-12-31","The filing discloses a Code, whistleblower policy and labor provision, but no conduct-complaint, safety, harassment, discrimination or case-resolution metrics. Provision growth alone is not a conduct finding.","No","","Obtain workforce-conduct, safety and whistleblower-case statistics with closure outcomes."
"03-015","incentives-and-compensation","Remuneration","A6-03 supplemental — Long-term orientation of equity awards","Green","3.8","weighted-average years to vest","FY2025","3.1 years FY2024","Lengthened 0.7 years","3- and 5-year vesting periods are long-term by the module standard","In line","14","15","1","5","Medium","[FY2025 Form 20-F, Note 10 — Share-based payments, F-46–F-47; Description of Share Capital — RSUs, p.212]","2025-12-31","RSUs are mainly service/time-based, but their 3.8-year average vesting and three/five-year tranches make the retention horizon long. This does not substitute for a returns scorecard.","No","","Obtain the share of executive RSUs with performance conditions and the measures attached."
"04-001","ownership-and-insider-behavior","Ownership","Total insider ownership","Green","22.80","% of shares outstanding","2026-08-29","FY2025 filed ownership table","Current vendor snapshot","No peer set — relative governance not assessed","Not assessed","20","25","0","4","High","[CIQ Public Ownership Summary, 2026-08-29 — vendor export]","2026-08-29","Material economic exposure exists: David is 18.76% and Cristina 2.69% in their latest vendor rows, within the 22.80% inclusive category.","No","","Reconcile vendor holder classification to the next annual beneficial-ownership table."
"04-002","ownership-and-insider-behavior","Ownership","Bought versus granted ownership quality","Insufficient Data","0","disclosed founder purchase-price / acquisition-history records","FY2026","N/A","Not enough history","No peer set — relative governance not assessed","Not assessed","5","15","0","5","High","[FY2025 Form 20-F, Item 7A, pp.202–204; CIQ Public Ownership → Insider Trading, through 2026-08-26 — vendor export]","2026-08-30","The filing identifies ownership, not purchase basis. Recent positive transaction totals largely reflect awards and an exercise, not cash buying.","No","","Obtain founder pre-IPO capitalization and award history."
"04-003","ownership-and-insider-behavior","Insider behavior","12-month open-market insider activity","Amber","-592707","shares; 0 buys / 4 sells","Through 2026-08-18","N/A","Net selling","No peer set — relative governance not assessed","Not assessed","5","20","0","4","High","[CIQ Public Ownership → Insider Trading “Open Market Acq/Disp,” trailing 12m to 2026-08-18 — vendor export]","2026-08-18","The behavioral signal is sales, not buying. This does not establish motive or illegality.","No","","Review each underlying Form 4 and any Rule 10b5-1-plan disclosure."
"04-004","ownership-and-insider-behavior","Pledging","Pledge / encumbrance disclosure","Insufficient Data","0","disclosed pledged-share numerator","FY2025 Form 20-F","N/A","Not enough history","No peer set — relative governance not assessed","Not assessed","8","20","0","5","High","[FY2025 Form 20-F, Item 7A, pp.202–204; Business-model Disqualifier Scan — NU, §1, 2026-08-30]","2026-08-30","No pledging is disclosed, but no affirmative zero-pledge representation or numerator is filed.","No","","Request an explicit controller-share encumbrance confirmation."
"04-005","ownership-and-insider-behavior","Control structure","Control-structure fairness","Red","55.8","percentage-point voting-versus-economic wedge","FY2025 Form 20-F","N/A","Stable in filed record","No peer set — relative governance not assessed","Not assessed","0","10","10","5","High","[FY2025 Form 20-F, Item 6A, pp.193 and 201; Item 7A, pp.202–204]","2026-04-08","David's 74.4% voting power less his 18.6% economic interest creates a 55.8pp wedge; contractual board and consent rights add to it.","No","","Monitor any use of consent rights, related-party approval or capital action that disadvantages Class A holders."
"04-006","ownership-and-insider-behavior","Institutional ownership","Institutional-holder quality and trend","Amber","3","top named institutional holders","2026-06-30","2025-12-31","Mixed; BlackRock and Capital Research added, Baillie trimmed","No peer set — relative governance not assessed","Not assessed","8","10","0","4","Medium","[CIQ Public Ownership Detailed and History, 2025-12-31 to 2026-06-30 — vendor exports]","2026-08-29","Large institutions are present, but the aggregate history and ownership-summary universes do not reconcile; no full institutional trend is asserted.","No","","Reconcile the two CIQ institutional universes and monitor Baillie Gifford's next filing."
"04-007","ownership-and-insider-behavior","A3","A3-01 — Promoter/controller holding trend (12 quarters)","Amber","906.184","million David shares in latest vendor record","2026-07-23","906.213m at 2025-12-31; 905.514m at 2026-03-31; 905.849m at 2026-06-30","Stable across three vendor periods, not 12 quarters","No peer set — relative governance not assessed","Not assessed","","","0","4","High","[CIQ Public Ownership History, 2025-12-31 to 2026-06-30; CIQ Public Ownership Detailed, 2026-07-23 — vendor exports]","2026-07-23","Stable recent holding is favorable, but the available series is three periods and control rests on super-voting stock.","No","","Build a like-for-like multi-year ownership series from annual filings."
"04-008","ownership-and-insider-behavior","A3","A3-02 — Share pledging / encumbrance","Insufficient Data","0","disclosed pledged shares","FY2025 Form 20-F","N/A","Not enough history","No peer set — relative governance not assessed","Not assessed","","","0","5","High","[FY2025 Form 20-F, Item 7A, pp.202–204]","2026-04-08","No disclosed pledge is not proof of no pledge; threshold tests cannot be calculated.","No","","Obtain an explicit pledge disclosure before treating risk as low."
"04-009","ownership-and-insider-behavior","A3","A3-03 — Cross-holdings / pyramiding","Red","55.8","percentage-point control-versus-cash-flow wedge","FY2025 Form 20-F","N/A","Stable in filed record","No peer set — relative governance not assessed","Not assessed","","","10","5","High","[FY2025 Form 20-F, Item 7A, pp.202–204]","2026-04-08","The wedge comes from Class B voting rights, not a multi-layer pyramid, but it exceeds the registry's >20pp red band.","No","","Track Class B conversions, transfers and voting-right amendments."
"04-010","ownership-and-insider-behavior","A3","A3-04 — Differential voting rights","Red","20","Class B votes per share versus 1 for Class A","FY2025 Form 20-F","N/A","Stable in filed record","No peer set — relative governance not assessed","Not assessed","","","10","5","High","[FY2025 Form 20-F, Item 7A, pp.202–204]","2026-04-08","One-share-one-vote is absent; David can control director elections and corporate actions.","No","","Monitor any amendment, sunset or independent minority-protection measure."
"04-011","ownership-and-insider-behavior","A3","A3-05 — Cheap insider equity","Insufficient Data","0","current-period preferential-issue / warrant review","FY2026","N/A","Not enough history","No peer set — relative governance not assessed","Not assessed","","","0","4","Medium","[FY2025 Form 20-F, Item 7A, pp.202–204; CIQ Public Ownership → Insider Trading, through 2026-08-26 — vendor export]","2026-08-30","The available sources show awards and an exercise but do not provide a complete preferential-issue or founder-cost audit.","No","","Review equity-plan grants, exercise prices and any founder-directed issuance in the next annual filing."
"04-012","ownership-and-insider-behavior","A3","A3-06 — Free float level","Green","77.1","% vendor-reported float","2026-08-29","N/A","Not enough history","Peer crossholding table shows peer floats 53.1%–99.9%","In line","","","0","4","Medium","[CIQ Public Ownership Crossholdings, current extract 2026-08-29 — vendor export]","2026-08-29","Reported float is above the 35–40% green band, although public float does not overcome the voting asymmetry.","No","","Reconcile the float calculation to listed Class A shares and Class B transfer restrictions."
"04-013","ownership-and-insider-behavior","A3","A3-07 — Marquee investor entry / exit","Amber","7.35","% held by BlackRock; Baillie 4.76%, Capital Research 3.21%","2026-06-30","2025-12-31","Mixed","No peer set — relative governance not assessed","Not assessed","","","0","4","Medium","[CIQ Public Ownership Detailed, position date 2026-06-30 — vendor export]","2026-08-29","Well-known institutions remain holders; Baillie Gifford's 6.75% quarterly reduction prevents a clean accumulation conclusion.","No","","Check whether Baillie's reduction persists and identify any second major long-only exit."
"04-014","ownership-and-insider-behavior","A3","A3-08 — Promoter-group classification hygiene","Not Applicable","0","Indian promoter-group filings","Cayman / NYSE issuer","N/A","N/A","N/A","N/A","","","0","5","Low","[FY2025 Form 20-F, Item 7A, pp.202–204]","2026-04-08","India-specific promoter-group reclassification rules do not apply; beneficial owners are separately identified in the 20-F.","No","","Review any controller or affiliate disclosure changes in subsequent Form 20-F filings."
"04-015","ownership-and-insider-behavior","A3","A3-09 — Beneficial-ownership transparency","Green","3","named David/Rua, Cristina/Pereira vehicle chains and spouse linkage","FY2025 Form 20-F","N/A","Stable in filed record","No peer set — relative governance not assessed","Not assessed","","","0","5","High","[FY2025 Form 20-F, Item 7A, p.203, footnotes 2–4]","2026-04-08","The beneficial owners and principal holding entities are named; independent verification of all entity chains is outside this read.","No","","Recheck holder vehicles and beneficial ownership in the next annual filing."
"04-016","ownership-and-insider-behavior","A3","A3-10 — Takeover-code disclosure hygiene","Insufficient Data","2","Schedule 13G dates cited for 5% holders","FY2025 Form 20-F","N/A","Not enough history","N/A","N/A","","","0","5","Medium","[FY2025 Form 20-F, Item 7A, p.203, footnotes 5–6]","2026-04-08","The applicable regime is SEC/Cayman rather than SAST. The filing cites two historical Schedule 13Gs but does not allow a complete timeliness or change-in-control test.","No","","Review the SEC EDGAR beneficial-ownership filing history."
"04-017","ownership-and-insider-behavior","A15","A15-01 — Exchange surveillance & volatility","Insufficient Data","0","24-month NYSE surveillance-status records","2026-08-30","N/A","Not enough history","N/A","N/A","","","0","4","Medium","[CIQ Equity Listings, 2026-08-28 — vendor export]","2026-08-30","The India ASM/GSM test does not apply; the pool has no equivalent NYSE surveillance record.","No","","Check NYSE/SEC notices and trading-halt records for the last 24 months."
"04-018","ownership-and-insider-behavior","A15","A15-02 — Volume & liquidity","Green","1098.5","US$ million average daily traded value, calculated","2026-08-28","N/A","Not enough history","No peer set — relative governance not assessed","Not assessed","","","0","4","High","[CIQ Equity Listings, 76.82m three-month average volume × US$14.30 close, 2026-08-28 — vendor export]","2026-08-28","About US$1.10bn a day supports institutional trading; this is not a stressed-exit guarantee.","No","","Recalculate during a risk-off market and use actual fund position sizes."
"04-019","ownership-and-insider-behavior","A15","A15-03 — Research coverage","Green","33","CIQ research contributors","2026-08-29","N/A","Not enough history","Green threshold: at least 3 independent analysts","Clears count threshold","","","0","4","Medium","[CIQ Analyst Coverage, current extract 2026-08-29 — vendor export]","2026-08-29","The contributor count clears the coverage threshold; payment relationships and independence for every contributor are not verified.","No","","Confirm independent coverage and any issuer-paid research relationships."
"04-020","ownership-and-insider-behavior","A15","A15-04 — Pre-announcement price conduct","Insufficient Data","0","completed announcement-window price/volume tests","2026-08-30","N/A","Not enough history","N/A","N/A","","","0","3","High","[Charting Excel Export, 2026-08-29; CIQ Public Ownership → Insider Trading, through 2026-08-26 — vendor exports]","2026-08-30","One March sale preceded a Q1 EPS miss, but the evidence is a vendor Form 4 transcription with no plan detail and no price/volume event study.","No","","Obtain primary Form 4s and run a dated price/volume study around results and other material announcements."
"04-021","ownership-and-insider-behavior","Market conduct","Insider sales versus subsequent results","Amber","300000","March open-market Class A shares sold by Junqueira","2026-03-23","Q1 result 2026-05-14","Potential timing lead","N/A","N/A","","","0","3","High","[CIQ Public Ownership → Insider Trading, Form 4 row filed 2026-03-26 — vendor export; Beat / Miss Setup — NU, §4, 2026-08-30]","2026-08-30","The sale preceded a -5.3% EPS surprise by 52 days, but the causal link, plan status and a pool primary Form 4 are missing; no RF-MKT-001.","No","","Inspect the original Form 4 footnotes and trading plan, then test all sales against results over several periods."
"04-022","ownership-and-insider-behavior","Insider transactions","Detailed transaction ledger","Amber","4015012","net all-type shares","Through 2026-08-26","N/A","Open-market selling; net all-type acquisition from awards/exercise","No peer set — relative governance not assessed","Not assessed","","","0","4","High","[CIQ Public Ownership → Insider Trading, through 2026-08-26 — vendor export]","2026-08-26","Ledger: open-market sales were Junqueira 350,000, Fragelli 221,707 and Sands 21,000; issuer sales totalled 157,527; Livingston received 2,194,587 RSUs, Fragelli exercised 2,361,450 shares and directors received 204,124 RSUs.","No","","Obtain the original Form 4s and reconcile awards/exercises to the equity-plan disclosures."
"A1-01","board-and-shareholder-rights","A1","Board size / independent majority","Green / source conflict","9 officially disclosed directors; 7 designated independent. CIQ later shows an inconsistent 10th row.","","","","","","","","","","3","","[FY2025 Form 20-F, p.187; Capital IQ Board Members export, 2026-08-29 — vendor]","2026-08-30","9 officially disclosed directors; 7 designated independent. CIQ later shows an inconsistent 10th row.","","","Obtain post-AGM official roster"
"A1-02","board-and-shareholder-rights","A1","Chair separate from CEO","Red","Same founder is chair and CEO; lead independent is a partial offset","","","","","","","","","","3","","[FY2025 Form 20-F, p.187]","2026-08-30","Same founder is chair and CEO; lead independent is a partial offset","","","Disclose lead-independent powers and sessions"
"A1-03","board-and-shareholder-rights","A1","Chair independence","Red","Founder/controller chair","","","","","","","","","","3","","[FY2025 Form 20-F, pp.187, 203]","2026-08-30","Founder/controller chair","","","Independent chair or defined counterweights"
"A1-04","board-and-shareholder-rights","A1","True independence","Amber","Seven designated independent; controller’s rights and one c.10-year tenure limit confidence","","","","","","","","","","3","","[FY2025 Form 20-F, pp.187–190, 193–194]","2026-08-30","Seven designated independent; controller’s rights and one c.10-year tenure limit confidence","","","Annual relationship/independence review"
"A1-05","board-and-shareholder-rights","A1","People integrity","Amber, coverage-limited","No attributed Material/Disqualifying fact; investigation coverage limited","","","","","","","","","","3","","[MG 07 People & Integrity Dossiers, 2026-08-30]","2026-08-30","No attributed Material/Disqualifying fact; investigation coverage limited","","","Refresh primary-regulator and litigation checks"
"A1-06","board-and-shareholder-rights","A1","Overboarding","Amber","Confirmed listed-board loads are at most two, but private commitments are not fully measurable","","","","","","","","","","3","","[FY2025 Form 20-F, pp.188–190]","2026-08-30","Confirmed listed-board loads are at most two, but private commitments are not fully measurable","","","Director time-commitment disclosure"
"A1-07","board-and-shareholder-rights","A1","Attendance","Insufficient Data","No director attendance disclosed","","","","","","","","","","3","","Reviewed primary materials","2026-08-30","No director attendance disclosed","","","Publish attendance by director"
"A1-08","board-and-shareholder-rights","A1","Skills matrix","Amber","Biographies but no formal matrix/gap assessment","","","","","","","","","","3","","[FY2025 Form 20-F, pp.188–190]","2026-08-30","Biographies but no formal matrix/gap assessment","","","Publish matrix and refreshment gaps"
"A1-09","board-and-shareholder-rights","A1","Resignations","Insufficient Data","No exit/reason disclosure found","","","","","","","","","","3","","Reviewed primary materials","2026-08-30","No exit/reason disclosure found","","","Board-change history"
"A1-10","board-and-shareholder-rights","A1","Reappointments","Amber","Nine re-elected; no itemized vote or dissent response available","","","","","","","","","","3","","[Form 6-K, 2026-08-06]","2026-08-30","Nine re-elected; no itemized vote or dissent response available","","","Publish proposal-level results"
"A1-11","board-and-shareholder-rights","A1","Board evaluation","Amber","Review exists in vendor field; method/outcome missing","","","","","","","","","","3","","[Capital IQ Corporate Governance, 2026-08-29 — vendor]","2026-08-30","Review exists in vendor field; method/outcome missing","","","Disclose method and actions"
"A1-12","board-and-shareholder-rights","A1","Diversity / refreshment","Amber","2/9 women; one 2026 addition; no policy/outcome","","","","","","","","","","3","","[FY2025 Form 20-F, pp.187–190]","2026-08-30","2/9 women; one 2026 addition; no policy/outcome","","","Disclose targets and succession"
"A1-13","board-and-shareholder-rights","A1","Succession","Amber","Charter remit / vendor plan field, no operating evidence","","","","","","","","","","3","","[FY2025 Form 20-F, pp.200–201]","2026-08-30","Charter remit / vendor plan field, no operating evidence","","","Disclose board succession process"
"A1-14","board-and-shareholder-rights","A1","Meetings / gap / quorum","Insufficient Data","No count, cadence, or attendance","","","","","","","","","","3","","Reviewed primary materials","2026-08-30","No count, cadence, or attendance","","","Publish meeting data"
"A1-15","board-and-shareholder-rights","A1","Renewal mechanics","Amber","Annual elections, but controller determines results","","","","","","","","","","3","","[FY2025 Form 20-F, pp.187, 193–194]","2026-08-30","Annual elections, but controller determines results","","","Add minority vote for independent directors"
"A1-16","board-and-shareholder-rights","A1","Independent-director minority vote","Not Applicable / absent","Indian test not applicable; no equivalent disclosed","","","","","","","","","","3","","[FY2025 Form 20-F, Item 10B]","2026-08-30","Indian test not applicable; no equivalent disclosed","","","Consider Class-A/disinterested vote"
"A1-17","board-and-shareholder-rights","A1","Independent sessions / D&O","Amber","Policy says sessions; occurrence not disclosed; D&O limit “minimal”","","","","","","","","","","3","","[FY2025 Form 20-F, p.194; Capital IQ CG, 2026-08-29 — vendor]","2026-08-30","Policy says sessions; occurrence not disclosed; D&O limit “minimal”","","","Disclose occurrence and coverage adequacy"
"A2-01","board-and-shareholder-rights","A2","Audit committee","Green","3/3 designated independent; independent chair and financial expert","","","","","","","","","","3","","[FY2025 Form 20-F, pp.199–200]","2026-08-30","3/3 designated independent; independent chair and financial expert","","","Maintain member independence"
"A2-02","board-and-shareholder-rights","A2","Nomination / compensation / risk","Amber","No nomination committee under FPI/controlled exemptions; compensation 3/4 independent; risk integrated with audit","","","","","","","","","","3","","[FY2025 Form 20-F, pp.199–201]","2026-08-30","No nomination committee under FPI/controlled exemptions; compensation 3/4 independent; risk integrated with audit","","","Independent nomination process"
"A2-03","board-and-shareholder-rights","A2","CSR committee","Not Applicable","Cayman FPI; Indian CSR mandate does not apply","","","","","","","","","","3","","Jurisdiction read","2026-08-30","Cayman FPI; Indian CSR mandate does not apply","","","None"
"A2-04","board-and-shareholder-rights","A2","Committee substance","Insufficient Data","No committee meeting, attendance, agenda, or dissent data","","","","","","","","","","3","","Reviewed primary materials","2026-08-30","No committee meeting, attendance, agenda, or dissent data","","","Publish committee activity"
"A2-05","board-and-shareholder-rights","A2","Committee chair load","Green / monitor","Audit/Risk chaired by Peres; Compensation/People by Reses","","","","","","","","","","3","","[FY2025 Form 20-F, pp.199–201]","2026-08-30","Audit/Risk chaired by Peres; Compensation/People by Reses","","","Monitor external workload"
"A10-02","board-and-shareholder-rights","A10","M&A fairness","Not Applicable","No event in reviewed period","","","","","","","","","","3","","Reviewed materials","2026-08-30","No event in reviewed period","","","Apply equal-treatment test if event"
"A10-03","board-and-shareholder-rights","A10","AGM opposition","Amber","Resolutions passed; no itemized opposition disclosed","","","","","","","","","","3","","[Form 6-K, 2026-08-06]","2026-08-30","Resolutions passed; no itemized opposition disclosed","","","Publish votes and response"
"A10-04","board-and-shareholder-rights","A10","Dilution fairness","Amber","No current selective raise, but standing asymmetric preemptives / preferred authority","","","","","","","","","","3","","[FY2025 Form 20-F, Item 10B]","2026-08-30","No current selective raise, but standing asymmetric preemptives / preferred authority","","","Seek equal preemption or Class-A vote"
"A10-06","board-and-shareholder-rights","A10","Delisting fairness","Not Applicable","No event","","","","","","","","","","3","","Reviewed materials","2026-08-30","No event","","","Reassess on event"
"05-026","board-and-shareholder-rights","Board / rights","Dual-class / controller rights","Red","20:1 votes; 74.3% control; nominations and consents","","","","","","","","","","3","","[FY2025 Form 20-F, pp.193–194, 203]","2026-08-30","20:1 votes; 74.3% control; nominations and consents","","","Sunset / minority protections"
"05-027","board-and-shareholder-rights","Board / rights","Meeting / written-consent rights","Red","50% meeting threshold; unanimous written consent; no cumulative vote","","","","","","","","","","3","","[FY2025 Form 20-F, Item 10B]","2026-08-30","50% meeting threshold; unanimous written consent; no cumulative vote","","","Lower minority access threshold"
"05-028","board-and-shareholder-rights","Board / rights","Director-linked RPT disclosure","Amber","US$0.926m FY25 / US$0.265m interim liability; identity and approval absent","","","","","","","","","","3","","[FY2025 Form 20-F, Note 28, p.F-77; Q2 2026 Interim, Note 28, p.34]","2026-08-30","US$0.926m FY25 / US$0.265m interim liability; identity and approval absent","","","Name counterparty, approver, recusal, terms"
"06-001","candor-and-disclosure-quality","Disclosure transparency","A7-03 — KPI stability","Green","5","consecutive annual filings","FY2025","FY2021","Stable core KPI set; Managerial P&L added in Q4 2025","No peer set — relative governance not assessed","Not assessed","17","20","0","5","Medium","[FY2021 Form 20-F, Presentation of Financial Information — Customers and Active Customers; FY2025 Form 20-F, Item 5A, Managerial P&L]","2026-04-08","Core customer, active-customer, activity-rate, ARPAC and cost-to-serve KPIs persist through the five filed years. The new Managerial P&L is described as complementary and preserving IFRS net income, cash flow and capital; no KPI was found dropped after deterioration.","No","","Recheck FY2026 annual filing for a definition or historical-series change."
"06-002","candor-and-disclosure-quality","Owning misses / guidance hygiene","A7-04 — Guidance hygiene","Amber","1","FY2026 numeric operating target: about 20% efficiency ratio","FY2026 Q2: 19.5%","FY2026 Q1: 17.6%; revenue/EPS guides: 0","Q1 timing benefit normalized as described","No peer set — relative governance not assessed","Not assessed","15","25","0","3","High","[Q1 2026 earnings call, Q&A — efficiency-ratio question; Q2 2026 earnings call, prepared remarks; Capital IQ Estimates — Surprise, Fiscal Quarters, Q1 2026 — vendor export]","2026-08-13","The 20% efficiency objective was retained and its Q1 outperformance was qualified before Q2. No formal revenue, EPS, EBIT or capex guide exists, so the Q1 Street miss cannot test a withdrawn or redefined company target.","No","","Test the FY2026 average against the same managerial-P&L definition after Q4; ask whether NU will give a defined revenue or profitability target."
"06-003","candor-and-disclosure-quality","Non-GAAP / adjustments","Recurring share-based-compensation exclusion from Adjusted Net Income","Red","203.7","US$m after-tax adjusted-net-income uplift; 7.1% of reported FY2025 parent net income","FY2025: SBC addback US$359.0m","FY2024: US$408.2m; FY2023: US$289.3m","Recurring","No peer set — relative governance not assessed","Not assessed","12","20","3","5","Medium","[FY2025 Form 20-F, Item 5A, Adjusted Net Income reconciliation; Earnings Quality — NU, §4]","2026-04-08","The reconciliation is explicit, but a recurring employee cost is presented as non-core. The 7.1% gap is not an extreme size, so this is a medium-severity disclosure-candor flag, not evidence of a misstatement.","Yes","RF-DISC-002","Monitor FY2026 reconciliation for continued SBC exclusion and whether the adjusted gap widens above the FY2025 7.1%."
"06-004","candor-and-disclosure-quality","Disclosure transparency","Segment economics and specificity of disclosure","Amber","1","IFRS reportable segment","FY2025","FY2024 single-segment reporting","Stable IFRS segment aggregation; Managerial P&L newly added","No peer set — relative governance not assessed","Not assessed","6","10","0","5","High","[FY2025 Form 20-F, Note 34, Segment information, F-97; Item 5A, Managerial P&L]","2026-04-08","The filing provides operating KPIs, product information and geographic revenue/assets, but not country- or product-level profitability because the CODM treats the group as one reportable segment. That limits the ability to see which expansion market earns the consolidated result.","No","","Request country/product contribution margin, credit-cost and capital deployment disclosure on a consistent basis."
"06-005","candor-and-disclosure-quality","Tone / Q&A transparency","Did management qualify favorable results and answer difficult investor questions?","Green","66.7","percent of Q1 efficiency outperformance attributed to timing","Q1 2026: 17.6% efficiency ratio; Q2: 19.5%","FY2026 target: about 20%","Explanation subsequently consistent with result","No peer set — relative governance not assessed","Not assessed","13","15","0","3","High","[Q1 2026 earnings call, Q&A — efficiency-ratio question; Q2 2026 earnings call, prepared remarks and Q&A — Goldman Sachs questions]","2026-08-13","Management identified a favorable distortion before the reversal and gave a numerical answer on the Desenrola effect. Reviewed Q&A did not show avoidance; refusing to give a specific 2027 growth number avoided false precision.","No","","Recheck Q3 2026 call for direct discussion of credit-cost, cash-flow and tax drivers if they remain material."
"06-006","candor-and-disclosure-quality","Disclosure transparency / tone","Does earnings-call framing cover the material H1 cash and tax bridge?","Amber","991.0","US$m H1 2026 deferred-tax benefit; CFO US$(1,242.0)m versus net income US$1,932.5m","H1 2026","H1 2025 CFO US$3,640.0m","Deteriorating cash-flow support; book tax expense suppressed","No peer set — relative governance not assessed","Not assessed","6","10","0","5","High","[H1 2026 Unaudited Interim Condensed Consolidated Financial Statements, Statements of Income, p.5; Statements of Cash Flows, p.12; Note 30, p.37; Q2 2026 earnings call, prepared remarks and Q&A]","2026-08-14","The interim notes disclose the facts, but the reviewed earnings-call remarks and Q&A did not address them while emphasizing sustainable unit economics. This is incomplete presentation, not a statement contradicted by the filed numbers.","No","","Ask for the deferred-tax cash timing, expected reversal and funding/cash-flow bridge in the Q3 call."
"06-007","candor-and-disclosure-quality","Disclosure timeliness","A7-01 — Results and material-event timeliness","Not Applicable","N/A","owned by agent 12","2026-08-30","N/A","Not assessed by this agent","No peer set — relative governance not assessed","Not assessed","","","0","","Medium","[Governance Data Triage — NU, §3; Management-Governance MODULE_RULES, owner map]","2026-08-30","This agent does not own the 12-quarter timing test. Its provisional five-point score below is a conservative midpoint pending agent 12, not an A7-01 conclusion.","No","","Consume agent 12's A7-01 finding before the module synthesis finalizes the component."
"07-001","people-integrity-dossiers","A1","A1-05 — Director & KMP reputation","Amber","24","people","2026-08-30","—","Not enough history","No peer set","Not assessed","58","100","0","2","High","[S1; S8–S11]","2026-08-30","No Material/Disqualifying grade, but coverage is limited.","No","","Obtain identifier-based registry checks for all KMP."
"07-002","people-integrity-dossiers","A9","A9-04 — Promoter/controller track record elsewhere","Amber","1","controller","2026-08-30","—","Not enough history","No peer set","Not assessed","60","100","0","2","High","[S1]","2026-08-30","Outside-venture map is incomplete.","No","","Obtain Vélez historic directorship extract."
"07-003","people-integrity-dossiers","A13","A13-01 — Professional CEO vs promoter-run","Amber","1","founder CEO","FY25","FY24","Stable","No peer set","Not assessed","65","100","0","4","Medium","[S1]","2026-08-30","Founder CEO with named professional management.","No","","Test delegation against board evidence."
"07-004","people-integrity-dossiers","A13","A13-02 — View on CEO operating record","Insufficient Data","0","adverse records proven","2026-08-30","—","Not enough history","No peer set","Not assessed","55","100","0","2","High","[S1; S10]","2026-08-30","No adverse record attributed; full history incomplete.","No","","Complete court/regulator sweep."
"07-005","people-integrity-dossiers","A13","A13-03 — Promoter vintage & involvement","Green","13","years since founding","FY25","FY24","Stable","No peer set","Not assessed","80","100","0","5","Medium","[S1; S2]","2026-08-30","Active founder remains CEO.","No","","Monitor outside ventures."
"07-006","people-integrity-dossiers","A13","A13-06 — Family dynamics / succession disputes","Insufficient Data","0","disputes proven","2026-08-30","—","Not enough history","No peer set","Not assessed","60","100","0","2","Medium","[S1; S10]","2026-08-30","No dispute found; private holding structures unverified.","No","","Obtain holder-vehicle documents."
"07-007","people-integrity-dossiers","A13","A13-07 — Promoter’s other material businesses","Amber","7","named holder vehicles","FY25","FY24","Stable","No peer set","Not assessed","60","100","0","3","Medium","[S1]","2026-08-30","Vehicles disclosed but not fully swept.","No","","Verify activity and Nu transactions."
"07-008","people-integrity-dossiers","A13","A13-08 — Sensitive government dealings","Amber","1","former BCB president on team","2026","—","New","No peer set","Not assessed","55","100","0","4","High","[S7; S8]","2026-08-30","Cooling-off disclosed; public-policy interface needs monitoring.","No","","Review lobbying and regulator-meeting disclosures."
"07-009","people-integrity-dossiers","A13","A13-09 — Political connect","Amber","1","former PEP","2026","—","New","No peer set","Not assessed","55","100","0","4","High","[S7; S8]","2026-08-30","Historical PEP is disclosed; no current office shown.","No","","Confirm current PEP/status disclosures."
"07-010","people-integrity-dossiers","A16","A16-01 — Identity resolution","Amber","1","SEC CIK anchored","2026","—","Stable","No peer set","Not assessed","55","100","0","3","High","[S1; S9]","2026-08-30","Most people lack a public unique ID in the pool.","No","","Obtain verified officer IDs."
"07-011","people-integrity-dossiers","A16","A16-02 — Directorship map","Insufficient Data","24","people","2026","—","Not enough history","No peer set","Not assessed","45","100","0","2","High","[S1; S3; S8]","2026-08-30","Full current/past maps unavailable.","No","","Registry sweep per person."
"07-012","people-integrity-dossiers","A16","A16-03 — Disqualification registers","Insufficient Data","24","people","2026","—","Not enough history","No peer set","Not assessed","45","100","0","2","High","[S10]","2026-08-30","No attributed bar found; full registers not run.","No","","Run local disqualification screens."
"07-013","people-integrity-dossiers","A16","A16-04 — Criminal proceedings & arrests","Insufficient Data","0","attributed proceedings","2026","—","Not enough history","No peer set","Not assessed","45","100","0","2","Critical","[S10; S11]","2026-08-30","No attributed matter; court coverage incomplete.","No","","Run Brazil/US/local criminal searches."
"07-014","people-integrity-dossiers","A16","A16-05 — Civil / tribunal litigation","Insufficient Data","0","attributed matters","2026","—","Not enough history","No peer set","Not assessed","45","100","0","2","High","[S1; S10]","2026-08-30","Personal litigation sweep incomplete.","No","","Run courts/tribunals by identifier."
"07-015","people-integrity-dossiers","A16","A16-06 — Securities-regulator actions","Insufficient Data","0","attributed actions","2026","—","Not enough history","No peer set","Not assessed","50","100","0","2","High","[S10]","2026-08-30","No attributed primary action returned.","No","","Run SEC/BCB/CVM individual searches."
"07-016","people-integrity-dossiers","A16","A16-07 — Wilful-defaulter / fraud lists","Insufficient Data","24","people","2026","—","Not enough history","No peer set","Not assessed","40","100","0","1","High","[S10]","2026-08-30","Brazil defaulter route unavailable.","No","","Run CIBIL / BCB verified route."
"07-017","people-integrity-dossiers","A16","A16-08 — Insolvency / corporate graveyard","Insufficient Data","24","people","2026","—","Not enough history","No peer set","Not assessed","45","100","0","2","High","[S1; S10]","2026-08-30","Historic entity map incomplete.","No","","Complete directorship and insolvency search."
"07-018","people-integrity-dossiers","A16","A16-09 — Sanctions & watchlists","Insufficient Data","0","attributed matches","2026","—","Not enough history","No peer set","Not assessed","45","100","0","2","Critical","[S10]","2026-08-30","No attributed match; official list confirmation incomplete.","No","","Run OFAC/UN/EU/Interpol identity checks."
"07-019","people-integrity-dossiers","A16","A16-10 — PEP / political exposure","Amber","1","former PEP","2026","—","New","No peer set","Not assessed","55","100","0","4","High","[S7; S8]","2026-08-30","Campos Neto’s former role is disclosed.","No","","Monitor regulator-contact controls."
"07-020","people-integrity-dossiers","A16","A16-11 — Credential verification","Insufficient Data","24","people","2026","—","Not enough history","No peer set","Not assessed","45","100","0","2","Medium","[S1]","2026-08-30","Filings give bios, not independent verification.","No","","Verify Tier-A credentials."
"07-021","people-integrity-dossiers","A16","A16-12 — Adverse media","Insufficient Data","0","attributed credible reports","2026","—","Not enough history","No peer set","Not assessed","50","100","0","2","High","[S11]","2026-08-30","Scoped English search only.","No","","Run Portuguese/Spanish local-language media battery."
"07-022","people-integrity-dossiers","A16","A16-13 — Undisclosed related entities","Amber","7","disclosed holder vehicles","FY25","FY24","Stable","No peer set","Not assessed","60","100","0","3","High","[S1]","2026-08-30","Holder vehicles disclosed; full registry-outward map incomplete.","No","","Verify vehicle owners and Nu transactions."
"07-023","people-integrity-dossiers","A16","A16-14 — Regulatory-role conflicts","Amber","1","former BCB president","2026","—","New","No peer set","Not assessed","55","100","0","4","High","[S7; S8]","2026-08-30","Former regulator is now policy head; no current office shown.","No","","Test cooling-off and contact governance."
"07-024","people-integrity-dossiers","A16","A16-15 — Integrity buzz","Green","0","unresolved items","2026","—","Stable","No peer set","Not assessed","75","100","0","3","Medium","[S12]","2026-08-30","No routed buzz.","No","","Re-run on new buzz."
"07-025","people-integrity-dossiers","A16","A16-16 — Per-person overall grade","Amber","24","people","2026","—","Not enough history","No peer set","Not assessed","58","100","0","2","High","[S1–S11]","2026-08-30","All Clean, but coverage-limited.","No","","Complete full person sweep."
"07-026","people-integrity-dossiers","A16","A16-17 — Resignation-timing pattern","Insufficient Data","24","people","2026","—","Not enough history","No peer set","Not assessed","45","100","0","1","Medium","[S1]","2026-08-30","Historic board snapshots unavailable.","No","","Obtain historic directorship maps."
"07-027","people-integrity-dossiers","A16","A16-18 — Past accounting-failure association","Insufficient Data","0","attributed associations","2026","—","Not enough history","No peer set","Not assessed","50","100","0","2","High","[S1; S11]","2026-08-30","No identified association; histories incomplete.","No","","Screen prior boards."
"07-028","people-integrity-dossiers","A16","A16-19 — Professional-licence discipline","Insufficient Data","24","people","2026","—","Not enough history","No peer set","Not assessed","45","100","0","1","Medium","[S1]","2026-08-30","Licences are not fully mapped.","No","","Verify relevant professional registers."
"07-029","people-integrity-dossiers","A16","A16-20 — Public claims vs filed numbers","Insufficient Data","0","contradictions found","2026","—","Not enough history","No peer set","Not assessed","55","100","0","2","Medium","[S1; S11]","2026-08-30","No contradiction located in scoped search.","No","","Compare interviews with filings."
"07-030","people-integrity-dossiers","A17","A17-01 — Discovery completeness","Amber","6","Phase-1 recipes run","2026","—","Not enough history","No peer set","Not assessed","60","100","0","3","High","[S1–S4]","2026-08-30","Discovery ran; declared branches prevent a full score.","No","","Close Scope rows 1–18."
"07-031","people-integrity-dossiers","A17","A17-02 — Corporate lineage & former names","Green","3","years holding/company gap explained","2026","—","Stable","No peer set","Not assessed","75","100","0","3","Medium","[S1–S3]","2026-08-30","2013 operating origin reconciles 2016 parent.","No","","Obtain Cayman prior-name extract."
"07-032","people-integrity-dossiers","A17","A17-03 — Predecessor / phoenix test","Green","0","phoenix facts found","2026","—","Not enough history","No peer set","Not assessed","70","100","0","3","High","[S1–S3]","2026-08-30","No failed predecessor evidence found.","No","","Confirm Cayman history."
"07-033","people-integrity-dossiers","A17","A17-04 — Brand & trademark ownership","Green","1","NUBANK mark verified","2026","—","Stable","No peer set","Not assessed","80","100","0","4","High","[S1; S4]","2026-08-30","Core mark is group-owned.","No","","Check all material marks/fees."
"07-034","people-integrity-dossiers","A17","A17-05 — Registered-address cluster","Green","1","disclosed group co-address","2026","—","Stable","No peer set","Not assessed","75","100","0","3","Medium","[S1; S3]","2026-08-30","No uncorroborated adverse cluster used.","No","","Registry cluster sweep for private vehicles."
"07-035","people-integrity-dossiers","A17","A17-06 — Founder & past-controller trail","Amber","3","named founders","2026","—","Not enough history","No peer set","Not assessed","60","100","0","3","High","[S2]","2026-08-30","Founders identified; registry confirmation incomplete.","No","","Retrieve incorporation-era directors."
"07-036","people-integrity-dossiers","A17","A17-07 — Cross-linkage to adverse networks","Green","0","Material-equivalent links","2026","—","Not enough history","No peer set","Not assessed","70","100","0","3","High","[S5; S6]","2026-08-30","Nu Pagamentos items do not meet Material band.","No","","Reassess after full entity sweeps."
"07-037","people-integrity-dossiers","A17","A17-08 — Undisclosed-network reconciliation","Green","0","disclosable-and-omitted","2026","—","Stable","No peer set","Not assessed","75","100","0","3","High","[S1; S3]","2026-08-30","No omission proven; two matters obligation-unclear.","No","","Resolve NuPay/legal-matter disclosure obligations."
"07-038","people-integrity-dossiers","A17","A17-09 — Scope boundary declared","Amber","18","branches","2026","—","Deteriorating","No peer set","Not assessed","45","100","0","5","High","[Section 5]","2026-08-30","All unexpanded branches are named; overflow still limits coverage.","No","","Close declared branches."
"07-039","people-integrity-dossiers","A17","A17-10 — Aggregator-conflict resolution","Amber","0","conflicts resolved","2026","—","Not enough history","No peer set","Not assessed","60","100","0","2","Medium","[S1–S3]","2026-08-30","No conflict found; Cayman primary registry unavailable.","No","","Obtain Cayman register records."
"08-001","audit-and-assurance-quality","Rotation","A4-01 — Auditor identity & rotation compliance","Amber","8","audit years to FY2025","FY2025","Appointed 2018","No firm change FY2023–FY2025; eligibility for stated ten-year extension not expressly evidenced","No peer set — relative governance not assessed","Not assessed","4","5","1","4","High","[FY2025 Form 20-F, F-5; Item 4.B]","2026-04-08","KPMG’s tenure is below the disclosed ten-year maximum but above five years; the statutory-audit-committee extension condition is not expressly demonstrated.","No","","Obtain the Brazilian committee / rotation certification and next appointment filing."
"08-002","audit-and-assurance-quality","Calibre","A4-02 — Audit firm calibre","Red","3","PCAOB disciplinary releases listed on firm profile","FY2025","2017 / 2023 releases","Recurring regulator-discipline record","No peer set — relative governance not assessed","Not assessed","1","5","4","5","High","[PCAOB Release No.105-2025-008; PCAOB Firm Summary No.1124]","2026-08-30","KPMG is a Big Four firm with capacity, but its discipline record prevents a Green calibre finding. No released evidence attributes the deficient work to NU.","Yes","RF-AUD-007","Ask KPMG/Audit Committee whether the 2025 remedial actions are complete and whether any finding touched the NU engagement."
"08-003","audit-and-assurance-quality","Components","A4-03 — Subsidiary & component auditor calibre","Amber","null","component-auditor identity and coverage not disclosed","FY2025","FY2023–FY2024","Unchanged disclosure gap in reviewed reports","No peer set — relative governance not assessed","Not assessed","2","5","0","4","High","[FY2023 audited consolidated financial statements, auditor responsibilities, p.5; FY2025 Form 20-F, Item 4.B]","2026-08-30","Material operations exist in Brazil, Mexico and Colombia, but no component-auditor names are disclosed. This is not proof that a component is unaudited.","No","","Request component auditors, materiality and audit-coverage schedule."
"08-004","audit-and-assurance-quality","Exits","A4-04 — Auditor resignation & stated reasons","Green","0","identified auditor resignations in FY2023–FY2025","FY2025","FY2023","KPMG continuous","No peer set — relative governance not assessed","Not assessed","5","5","0","3","High","[FY2023–FY2025 audited consolidated financial statements; FY2025 Form 20-F, F-5]","2026-08-30","No mid-term auditor exit was identified in the reviewed annual-report series.","No","","Recheck every material-event filing before the next annual report."
"08-005","audit-and-assurance-quality","Opinions","A4-05 — Opinions: qualification / EoM / adverse / disclaimer","Green","3","clean consolidated annual opinions","FY2025","FY2023","Stable","No peer set — relative governance not assessed","Not assessed","5","5","0","5","High","[FY2023–FY2025 audited consolidated financial statements, Independent Auditors’ Reports; FY2025 Form 20-F, F-2–F-5]","2026-04-08","The consolidated opinions are clean. Standalone parent financial statements are not separately presented in this FPI annual-report regime.","No","","Recheck FY2026 auditor report for any EoM, qualification or going-concern wording."
"08-006","audit-and-assurance-quality","Fees","A4-06 — Audit vs non-audit fees","Green","7.8","FY2025 non-audit fees as percent of audit fees","FY2025","3.1% FY2024","Higher but below 25% Green band","No peer set — relative governance not assessed","Not assessed","8","10","0","5","High","[FY2025 Form 20-F, Item 16C, p.241]","2026-04-08","Disclosed non-audit services are limited and no SOX §201 prohibited service is named. Network-wide billing completeness is not separately stated.","No","","Ask whether the fee note includes all KPMG network firms and obtain service descriptions for ESG assurance."
"08-007","audit-and-assurance-quality","Fees","A4-07 — Auditor remuneration level & trend","Amber","51.6","percent audit-fee growth FY2025","FY2025 audit US$2.923m","FY2024 audit US$1.928m","Fee rose faster than 37.0% revenue growth; no low-balling signal","No size-matched peer fee median in pool","Not assessed","4","5","0","5","Medium","[FY2025 Form 20-F, Item 16C, p.241; Statements of Income, F-6]","2026-04-08","Fee trend is consistent with scale, but the required peer-median comparison cannot be performed.","No","","Obtain comparable Latin American / fintech audit-fee disclosures."
"08-008","audit-and-assurance-quality","Internal audit","A4-08 — Internal & secretarial audit","Amber","1","disclosed internal-audit function","FY2025","N/D","Function overseen by committee; leader/provider undisclosed","No peer set — relative governance not assessed","Not assessed","3","5","0","4","Medium","[FY2025 Form 20-F, Item 16A; Governance Data Triage — NU, §1]","2026-04-08","Internal audit exists, while India’s MR-3 secretarial-audit test is regime N/A. Its calibre and independence cannot be assessed from named personnel/provider.","No","","Identify internal-audit leader/provider, reporting line and FY2026 plan."
"08-009","audit-and-assurance-quality","Controls","A4-09 — Internal financial controls (ICFR/IFC)","Green","1","effective ICFR conclusion","FY2025","FY2024 not separately evidenced in this read","Effective in FY2025","No peer set — relative governance not assessed","Not assessed","5","5","0","5","High","[FY2025 Form 20-F, Item 15.B–D, pp.239–240; F-2–F-5]","2026-04-08","Management and KPMG both conclude FY2025 ICFR was effective; no material 2025 ICFR change was reported.","No","","Recheck FY2026 ICFR attestation and disclosed control changes."
"08-010","audit-and-assurance-quality","KAM recurrence","A4-10 — Key Audit Matters recurrence","Amber","3","consecutive years ECL was a KAM","FY2025","FY2023","Recurring; related credit-loss expense rose, but a matched allowance-balance trend was not extracted","No peer set — relative governance not assessed","Not assessed","3","5","0","5","High","[FY2023–FY2025 audited consolidated financial statements, KAM sections; Statements of Income]","2026-04-08","ECL is the same high-risk estimate for three years. It does not meet the report’s Red conclusion without matched balance evidence, but it is NU’s most persistent audit focus.","No","","Build a matched FY2023–FY2026 ECL allowance / receivables / write-off series and test model backtesting."
"08-011","audit-and-assurance-quality","Local companion report","A4-11 — CARO / companion-report flags","Not Applicable (regime)","null","CARO","FY2025","N/A","N/A","Not applicable","N/A","null","null","0","5","Low","[Governance Data Triage — NU, §1]","2026-08-30","CARO is an Indian statutory-audit annexure and does not apply to NU’s Cayman/Brazil reporting regime.","No","","Identify any Brazil-specific companion assurance report if one is published."
"08-012","audit-and-assurance-quality","Committee engagement","A4-12 — Audit-committee ↔ auditor engagement","Insufficient Data","null","private-session / attendance disclosure","FY2025","N/D","Mandate disclosed; actual sessions/attendance not disclosed","No peer set — relative governance not assessed","Not assessed","1","5","0","4","Medium","[FY2025 Form 20-F, Items 6.A, 15.D and 16A; auditor communications paragraph]","2026-04-08","Disclosure silence cannot prove that private sessions or attendance did not occur; it prevents a Green conclusion.","No","","Request committee charter, meeting calendar and private-session attendance."
"08-013","audit-and-assurance-quality","Discipline","A4-13 — Regulator discipline of firm / signing partner","Red","700000","US$ PCAOB civil penalty in 2025","2025 order","Prior 2023 / 2017 firm releases","Firm discipline record; partner exact-name sweeps no attributable result but coverage-limited","No peer set — relative governance not assessed","Not assessed","0","5","5","5","High","[PCAOB Release No.105-2025-008; PCAOB Firm Summary No.1124; Sweep Log]","2026-08-30","The firm was censured and required to take remedial action. The evidence establishes a firm-system risk, not a defect proved in NU’s own audit.","Yes","RF-AUD-007","Obtain a written Audit Committee/KPMG statement on remediation and NU-engagement impact."
"08-014","audit-and-assurance-quality","Components","A4-14 — Principal auditor coverage","Amber","null","principal coverage percentage","FY2025","FY2023","Not disclosed","No peer set — relative governance not assessed","Not assessed","3","5","0","4","High","[FY2023 audited consolidated financial statements, auditor responsibilities, p.5; FY2025 Form 20-F, Item 4.B]","2026-08-30","KPMG takes responsibility for the group opinion, but no assets/revenue percentage supports the ≥80% principal-coverage Green band.","No","","Request group-audit coverage by revenue, assets and regulated entity."
"08-015","audit-and-assurance-quality","Exits","A4-15 — Gatekeeper exit cluster","Amber","1","disclosed CFO succession since FY2023","2026-07-13","No auditor exit FY2023–FY2025","No identified cluster; CS/internal-audit exit coverage incomplete","No peer set — relative governance not assessed","Not assessed","3","5","0","3","High","[Q2 2026 earnings call; FY2023–FY2025 audit reports; FY2025 Form 20-F, Items 6.A and 16A]","2026-08-30","CFO succession had a named successor and the outgoing CFO became Special Advisor. A three-year full gatekeeper exit chronology is not publicly evidenced in the sources reviewed.","No","","Monitor 2026–27 material-event filings for CFO, auditor, compliance-officer or internal-audit exits."
"08-016","audit-and-assurance-quality","Restatements","A7-02 — Restatement frequency","Insufficient Data","3","annual reports reviewed for surrounding evidence","FY2025","FY2023","No material restatement identified in the assessed lock window; five-year negative conclusion not fully evidenced","No peer set — relative governance not assessed","Not assessed","2","5","0","4","High","[Business-Model Disqualifier Scan — NU, hard-lock table; FY2025 Form 20-F, cover and Item 6.F]","2026-08-30","The hard-lock scan found no material restatement in its assessed period, and FY2025 disclosures do not indicate one. This report does not label five years clean without a complete FY2021–FY2025 restatement sweep.","No","","Search every FY2021–FY2025 filing for restated comparatives, Item 4.02 equivalents and prior-period adjustment notes."
"09-001","related-party-and-group-forensics","1","A5-01 — RPT intensity and applicable regime","Amber","0.926","USD m closing liability","FY25 revenue/PAT/assets ratios 0.0059% / 0.0323% / 0.0012%; aggregate RPT flow not assessable","$1.795m closing liability FY24","Liability down 48.4%; no flow trend","No peer set — relative RPT intensity not assessed","N/A","6","20","0","4","Below 1% on known balance; flow unavailable","[FY25 Form 20-F, Note 28, F-76; earnings/01]","2026-04-08","Small known balance; do not convert it to an annual RPT total","No","","Obtain annual transaction-level aggregate and director/KMP lending balances"
"09-002","related-party-and-group-forensics","3A","A5-02 — Royalty / brand / technology fees","Green","0","USD m disclosed promoter-linked fee","FY25 no promoter-linked fee identified","FY24 no current fee identified","No disclosed current fee","No peer set","N/A","0","5","0","3","No identified promoter channel","[FY25 Form 20-F, Note 28; Item 4.B; Mastercard licences]","2026-04-08","Identified NUBANK mark sits in group; identified Mastercard licences are third-party and no-consideration","No","","Verify any unreported group IP recharge in the next annual note"
"09-003","related-party-and-group-forensics","3B","A5-03 — Loans / ICDs / guarantees to group","Insufficient Data","N/A","N/A","Director/KMP products and intercompany loans lack balances/rates/tenors","Same limitation","N/A","No peer set","N/A","3","5","0","4","Cannot size exposure","[FY25 Form 20-F, Notes 3 and 28]","2026-04-08","Comparable-terms assertion is not loan-level evidence","No","","Request borrower balances, pricing, maturity, arrears, and group-guarantee schedule"
"09-004","related-party-and-group-forensics","3C/4","A5-04 — Promoter vendor/customer flows and round-tripping","Insufficient Data","9","scoped third-party counterparties","Eight suppliers/creditor and one customer; no values; no both-role match","N/A","N/A","No peer set","N/A","2","5","0","3","Recent-only graph, not full vendor base","[relationships.json, scope_notes and edges — Tier 5]","2026-08-30","No promoter-linked flow found in the named graph, but scope prevents clearance","No","","Obtain a full multi-year supplier/customer ledger with value and beneficial-owner fields"
"09-005","related-party-and-group-forensics","5","A5-05 — Arm's-length substantiation","Amber","0","disclosed methods","No benchmark/rate-comparison method or transaction-specific approval disclosed","Same evidence gap","N/A","No peer set","N/A","2","4","0","4","Disclosure-quality issue","[FY25 Form 20-F, Note 28, F-76]","2026-04-08","“Similar terms” is an assertion, not substantiation","No","","Obtain benchmark and approval memo for director-linked company and director/KMP products"
"09-006","related-party-and-group-forensics","5","A5-06 — Minority dissent on RPT resolutions","Insufficient Data","N/A","N/A","No RPT-vote result or dissent figure located","N/A","N/A","No peer set","N/A","3","4","0","3","Vote evidence absent from pool","[FY25 Form 20-F, Item 7.B]","2026-04-08","Cannot infer a vote did or did not occur","No","","Retrieve shareholder meeting and voting-result materials"
"09-007","related-party-and-group-forensics","5","A5-07 — Pre-approval, independent voting, omnibus discipline, slab-slicing","Amber","1","policy update","Policy requires certain RPT approvals by board/designated committee including ARC; operating details absent","Policy updated March 2024","N/A","No peer set","N/A","3","4","0","4","Policy exists, compliance mechanics unproven","[FY25 Form 20-F, Item 7.B — Related-Party Transactions Policy]","2026-04-08","Slab slicing cannot be tested on a closing liability","No","","Obtain policy, approval log, independent-vote record, and annual counterparty totals"
"09-008","related-party-and-group-forensics","5","A5-08 — Counterparty transparency","Amber","1","unnamed current counterparty","Director-linked company unnamed; known FY25 balance $0.926m","FY24 balance $1.795m","Balance down, identity still omitted","No peer set","N/A","1","3","0","4","Low size but incomplete identity","[FY25 Form 20-F, Note 28(a), F-76]","2026-04-08","Below material RPT band, so no red flag; name/terms still needed","No","","Name the counterparty, director, service, annual consideration, and conditions"
"09-009","related-party-and-group-forensics","6","A5-09 — Related-party M&A including aborted deals","Insufficient Data","N/A","N/A","Banco Porto Real purchase pending; seller and price absent","N/A","N/A","No peer set","N/A","2","7","0","4","Cannot determine related-party status","[H1 2026 Interim Report, Note 35(b)]","2026-08-14","No conclusion about promoter linkage is supported","No","","Obtain SPA, seller beneficial owners, price, board-conflict review, and approval record"
"09-010","related-party-and-group-forensics","7","A5-10 — Executive-counterparty conflicts","Amber","0.926","USD m closing liability","One unnamed director-linked company; no amount for financial-product relationships","N/A","N/A","No peer set","N/A","2","5","0","3","07 network scope incomplete","[FY25 Form 20-F, Note 28; management-governance/07, entity_network.json]","2026-04-08","A conflict channel exists but leakage, amount, and pricing are unproven","No","","Complete registry sweep and disclose related director/entity and terms"
"09-011","related-party-and-group-forensics","8","A11-01 — Group layers and entity count","Amber","3","observed layers","45 subsidiaries stated; 34 current CIQ operating units","N/A","N/A","No peer set","N/A","2","6","0","4","Below >3/>100 Red bands; count reconciliation outstanding","[FY25 Form 20-F, Item 4.C; CIQ Corporate Structure Tree, as of 2026-08-30 — Tier 5]","2026-08-30","Structure is not simple, but no opaque money-only entity is proven","No","","Reconcile Item 4.C, Exhibit 8.1, and current corporate-tree entity counts"
"09-012","related-party-and-group-forensics","9","A11-02 — Cash location / trapped cash","Amber","13,551.611","USD m consolidated cash","Group cash at 2026-06-30; parent/sub split unavailable; regulated transfer restrictions stated","FY25 group cash $15,003.643m","Group cash down; topology unavailable","No peer set","N/A","2","3","0","4","No matched parent/sub ratio","[H1 2026 Interim Report, p.8; FY25 Form 20-F, Note 3, F-20]","2026-08-14","Restriction is not proof of trapped cash or misuse","No","","Disclose legal-entity cash, restrictions, and parent/sub debt balances"
"09-013","related-party-and-group-forensics","9","A11-03 — ICDs to group entities","Insufficient Data","N/A","N/A","Intercompany loans exist in consolidation mechanics but balances/rates/tenors absent","N/A","N/A","No peer set","N/A","1","2","0","4","No exposure measurement","[FY25 Form 20-F, Note 3, F-19–F-20]","2026-04-08","Cannot test rollovers or market terms","No","","Obtain legal-entity intercompany-loan schedule"
"09-014","related-party-and-group-forensics","10","A11-04 — Listed-vs-private sibling leakage","Insufficient Data","0","disclosed flow","No operating overlap/migration measure for holder vehicles; Banco seller unknown","N/A","N/A","No peer set","N/A","2","6","0","3","Network coverage is scope-limited","[management-governance/07, Section 3; H1 2026 Interim Report, Note 35(b)]","2026-08-14","No proven private-sibling leakage; no clearance","No","","Verify holder-vehicle activities and Banco seller beneficial ownership"
"09-015","related-party-and-group-forensics","11","A11-05 — Subsidiary transparency and consolidation","Amber","5","principal regulated subsidiaries disclosed","Principal activities/countries/ownership visible; standalone financials and entity roll-forward absent","N/A","N/A","No peer set","N/A","1","3","0","4","Partial visibility","[FY25 Form 20-F, Note 3, F-19–F-20]","2026-04-08","Consolidation policy is clear; full legal-entity economics are not","No","","Obtain subsidiary financials and an entity movement schedule"
"09-016","related-party-and-group-forensics","11","A11-06 — Unlisted material-subsidiary governance","Not Applicable","N/A","jurisdiction","India LODR Reg. 24 tests do not govern Cayman FPI","N/A","N/A","No peer set","N/A","0","1","0","5","Jurisdictional N/A","[FY25 Form 20-F, cover page]","2026-04-08","No equivalent local governance test is asserted without evidence","No","","If material, separately assess local regulated-subsidiary governance requirements"
"09-017","related-party-and-group-forensics","12/13","A11-07 — Off-balance-sheet entities with recourse","Insufficient Data","N/A","N/A","Controlled investment funds consolidated; other SPE recourse schedule absent","N/A","N/A","No peer set","N/A","4","8","0","4","Off-balance-sheet exposure not measurable","[FY25 Form 20-F, Note 3, F-20]","2026-04-08","Consolidated funds reduce one risk, but no proof of nil recourse exists","No","","Obtain unconsolidated-entity, guarantee, and recourse schedule"
"10-001","contingent-liabilities-and-commitments","1","A7a-01 — Total CL as % of net worth","Amber","54.018","US$m total disclosed legal exposure = 44.343 provided + 9.675 quantified possible","H1 FY2026","FY2025 39.824 on the same provided-plus-quantified-possible build","Increasing; not comparable as a full-year rate","No peer set — relative CL not assessed","Not assessed","3","20","0","5","Medium","[H1 FY2026 Interim Financial Statements, Note 25, pp.32–33; Statements of Financial Position, p.9]","2026-06-30","0.41% of net worth and 2.80% of H1 net income are Green by quantified size, but the unallocatable GMF claim prevents a clean Green disclosure verdict","No","","Obtain Nu's GMF share and confirm whether it sits in the possible-civil subtotal"
"10-002","contingent-liabilities-and-commitments","2","A7a-02 — CL trend over time","Amber","44.343","US$m recognized provision","H1 FY2026","30.920 FY2025","Increasing; H1 bridge is reconciled","No peer set — relative CL not assessed","Not assessed","5","20","0","5","Medium","[FY2025 Form 20-F, Note 25, pp.F-74–F-76; H1 FY2026 Interim Financial Statements, Note 25, pp.32–33]","2026-06-30","Total does not hide a flat-total posture issue: civil, tax and labor movements are bridged. Current case-level forums remain undisclosed","No","","Request case-level roll-forward and appellate status for the largest current cases"
"10-003","contingent-liabilities-and-commitments","3","A7a-03 — Direct tax disputes","Amber","8.126","US$m aggregate tax provision, direct/indirect split absent","H1 FY2026","5.081 FY2025","Increasing","No peer set — relative tax dispute not assessed","Not assessed","2","20","0","5","Low","[H1 FY2026 Interim Financial Statements, Note 25, pp.32–33]","2026-06-30","The amount is 0.06% of net worth, but it cannot be assigned to direct tax or a forum","No","","Obtain direct-tax case list, tax authority and litigation level"
"10-004","contingent-liabilities-and-commitments","3","A7a-04 — Indirect tax disputes","Amber","8.126","US$m aggregate tax provision, direct/indirect split absent","H1 FY2026","5.081 FY2025","Increasing","No peer set — relative tax dispute not assessed","Not assessed","2","20","0","5","Low","[H1 FY2026 Interim Financial Statements, Note 25, pp.32–33]","2026-06-30","No 100%-penalty demand is disclosed; absence of a category split is not evidence that indirect disputes are nil","No","","Obtain indirect-tax, penalty and appeal detail"
"10-005","contingent-liabilities-and-commitments","4","A7a-05 — Litigation / claims not acknowledged as debt","Amber","2500.000","US$m all-defendant GMF claim; Nu allocation unknown","FY2025 filing; no H1 update","N/A","Not assessable","No peer set — relative litigation not assessed","Not assessed","7","20","0","5","High, unquantifiable","[FY2025 Form 20-F, Item 8.A Legal Proceedings, p.207]","2025-12-31 filing","Possible classification is disclosed, but no Nu allocation means it cannot be correctly compared with net worth or treated as Nu's full liability","No","","Obtain plaintiff allocation method, Nu's tax-collection share, provision assessment and post-filing court status"
"10-006","contingent-liabilities-and-commitments","5","A7a-06 — Corporate guarantees given","Amber","0.000","US$m for listed H1 borrowing/financing arrangements","H1 FY2026","100.000 undrawn DFC facility guaranteed at FY2025","Scope changed; current borrowing-note statement is explicit but limited","No peer set — relative guarantees not assessed","Not assessed","2","15","0","5","Low","[H1 FY2026 Interim Financial Statements, Note 24, p.32; FY2025 Form 20-F, Note 24, pp.F-73–F-74]","2026-06-30","No promoter or related-party beneficiary is evidenced; a full guarantee register is still absent","No","","Reconcile expiry/release of the DFC guarantee and obtain an all-guarantees schedule"
"10-007","contingent-liabilities-and-commitments","5","A7a-07 — Bank guarantees & LCs","Amber","N/A","Not separately disclosed","H1 FY2026","FY2025 not separately disclosed","Not assessable","No peer set — relative guarantees not assessed","Not assessed","2","15","0","5","Low","[H1 FY2026 Interim Financial Statements, Notes 12, 24–25, pp.19–20, 31–33]","2026-06-30","Asset-side letters of credit are not issued guarantees; no separate issuer-guarantee line proves neither nil nor outsized","No","","Obtain bank-guarantee and issued-LC schedule"
"10-008","contingent-liabilities-and-commitments","6","A7a-08 — Capital commitments","Amber","38163.940","US$m unused credit commitments; signed capex commitments not separately disclosed","H1 FY2026","28,841.327 FY2025","Increasing credit limit, not a capex trend","No peer set — relative commitments not assessed","Not assessed","3","10","0","5","Medium","[H1 FY2026 Interim Financial Statements, Note 32, pp.40–41]","2026-06-30","The 288% of net-worth number is a maximum credit limit, not a contractual capex bill or expected liquidity need; survival agent must assess it","No","","Obtain signed capex/EPC commitment schedule and survival-module treatment of unused credit limits"
"10-009","contingent-liabilities-and-commitments","5","A7a-09 — Bills discounted with recourse","Amber","N/A","Not separately disclosed","H1 FY2026","FY2025 not separately disclosed","Not assessable","No peer set — relative recourse financing not assessed","Not assessed","2","15","0","5","Low","[H1 FY2026 Interim Financial Statements, Notes 24–25, pp.31–33]","2026-06-30","No line item supports a nil conclusion","No","","Obtain a recourse/non-recourse receivables-financing disclosure"
"10-010","contingent-liabilities-and-commitments","7","A7a-10 — Statutory dues disputes","Amber","N/A","Not separately disclosed","H1 FY2026","FY2025 not separately disclosed","Not assessable","No peer set — relative statutory dues not assessed","Not assessed","3","10","0","5","Low","[H1 FY2026 Interim Financial Statements, Note 25, pp.32–33]","2026-06-30","Aggregate tax and labor provisions do not demonstrate whether employee/state dues are current","No","","Obtain statutory-dues litigation/default table"
"10-011","contingent-liabilities-and-commitments","7","A7a-11 — Regulatory / penalty demands","Amber","N/A","Not separately disclosed","H1 FY2026","FY2025 not separately disclosed","Not assessable","No peer set — relative penalty demands not assessed","Not assessed","3","10","0","5","Low","[FY2025 Form 20-F, Item 8.A, p.207; H1 FY2026 Interim Financial Statements, Note 25, pp.32–33]","2026-06-30","The GMF matter is a class action, not a disclosed regulator penalty demand","No","","Obtain regulator-demand and penalty schedule"
"10-012","contingent-liabilities-and-commitments","8","A7a-12 — Subsidiary / JV / associate CLs","Amber","54.018","US$m consolidated provided-plus-quantified-possible legal exposure","H1 FY2026","39.824 FY2025 same build","Increasing","No peer set — relative group CL not assessed","Not assessed","4","10","0","5","Medium","[H1 FY2026 Interim Financial Statements, Note 25, pp.32–33]","2026-06-30","Consolidated total is visible but no entity-level allocation is given; Nu Colombia is separately relevant to GMF","No","","Obtain subsidiary/JV/associate contingency register"
"10-013","contingent-liabilities-and-commitments","2","A7a-13 — Additions / reversals / crystallization","Amber","27.370","US$m H1 additions; payments 14.147; reversals 2.578","H1 FY2026","FY2025 additions 35.776; payments 23.738; reversals 7.442","Increasing balance, but explained by bridge","No peer set — relative movement not assessed","Not assessed","5","20","0","5","Medium","[FY2025 Form 20-F, Note 25, pp.F-74–F-76; H1 FY2026 Interim Financial Statements, Note 25, pp.32–33]","2026-06-30","FY23 PIS/COFINS crystallization was disclosed and there is no repeated crystallization or silent disappearance evidence","No","","Request case-level mapping of every addition, reversal and payment"
"10-014","contingent-liabilities-and-commitments","9","A7a-14 — Provided vs only-disclosed split","Amber","44.343","US$m probable provided; 9.675 quantified possible unprovided","H1 FY2026","30.920 probable provided; 8.904 quantified possible in FY2025","Increasing","No peer set — relative candor not assessed","Not assessed","7","20","0","5","Medium","[H1 FY2026 Interim Financial Statements, Note 25, pp.32–33; FY2025 Form 20-F, Item 8.A, p.207]","2026-06-30","Policy and aggregate split are disclosed. GMF's possible classification cannot be independently adjudicated without its allocation and court record; no serial appeal-loss evidence supports RF-CL-002","No","","Obtain external-counsel rationale and current-case status for GMF and the largest possible claims"
"10-015","contingent-liabilities-and-commitments","10","A7a-15 — Unhedged forex / derivative exposure","Green","8350.573","US$m derivative notional; assets 115.257, liabilities 89.659","H1 FY2026","5,250.234 notional FY2025","Notional increased; hedging use disclosed","No peer set — relative derivative risk not assessed","Not assessed","2","15","0","5","Medium","[H1 FY2026 Interim Financial Statements, Note 20, pp.26–28]","2026-06-30","Large notional alone is not a loss measure. The filed policy identifies ordinary hedges and no unhedged or structured exposure amount","No","","Monitor hedge ineffectiveness and request gross unhedged currency sensitivity"
"A8-01","accounting-forensics","6","CFO/PAT","Not Applicable (sector)","N/A","ratio","FY25","FY24","N/A","Financials overlay","N/A","0","25","0","5","High","[FY25 Form 20-F, cash flows]","2025-12-31","Funding-sensitive lender metric invalid.","No","—","No"
"A8-02","accounting-forensics","7","Working-capital days","Not Applicable (sector)","N/A","days","FY25","FY24","N/A","Financials overlay","N/A","0","20","0","5","Medium","[MODULE_RULES, Financials overlay]","2025-12-31","Deposits/credit assets replace operating WC.","No","—","No"
"A8-03","accounting-forensics","7","Receivables ageing","Not Applicable (sector)","N/A","—","FY25","FY24","N/A","ECL overlay","N/A","0","20","0","5","High","[FY25 Form 20-F, Notes 13–14]","2025-12-31","Evaluated through ECL, not trade ageing.","No","—","No"
"A8-04","accounting-forensics","7","Expense capitalization","Green","0.84","% assets","FY25","FY24","Intangibles up but small","N/A","N/A","1","20","0","4","Medium","[FY25 Form 20-F, Notes 17–18]","2025-12-31","PPE plus intangibles remain small versus assets.","No","—","No"
"A8-05","accounting-forensics","8","Other income / PBT","Green","3.36","%","FY25","2.00%","Up","<10%","Green","1","10","0","5","Medium","[FY25 Form 20-F, profit or loss]","2025-12-31","Far below one-third red band.","No","—","No"
"A8-06","accounting-forensics","7","Goodwill / equity","Green","3.62","%","FY25","5.42%","Down","Modest","Green","1","20","0","5","Medium","[FY25 Form 20-F, Note 18]","2025-12-31","Modest balance, no serial impairment signal.","No","—","No"
"A8-07","accounting-forensics","9","Policy/estimate change","Amber","Managerial P&L introduced","—","Q4 FY25","N/A","New","Stable/explained","Amber","4","10","0","4","Medium","[FY25 Form 20-F, Item 5 p.158]","2025-12-31","Explanation disclosed; next annual comparison needed.","No","—","Yes"
"A8-08","accounting-forensics","8","D&A vs asset base","Green","98.0","US$m","FY25","77.1","Rising","Tracks assets","Green","1","10","0","4","Medium","[FY25 Form 20-F, cash flows]","2025-12-31","No unexplained depreciation reduction.","No","—","No"
"A8-09","accounting-forensics","8","ECL adequacy","Amber","16.86","% gross credit","H1 FY26","15.37%","+149bp","Stable/adequate","Amber","7","10","0","5","High","[FY25 Form 20-F, Notes 13–14; H1 FY26 Interim Report, Notes credit assets]","2026-06-30","ECL rose; no release-led profit, but credit risk needs monitoring.","No","—","Yes"
"A8-10","accounting-forensics","8","Effective tax rate","Amber","11.78","%","H1 FY26","FY25 25.77%","Down","Fully explained","Amber","6","10","0","5","High","[H1 FY26 Interim Report, Note 19]","2026-06-30","Low rate reconciled to deferred-tax benefit; durability unproven.","No","—","Yes"
"A8-11","accounting-forensics","6","Cash EPS/accounting EPS","Not Applicable (sector)","N/A","ratio","FY25","FY24","N/A","Financials overlay","N/A","0","25","0","5","Medium","[MODULE_RULES, Financials overlay]","2025-12-31","Generic cash conversion invalid.","No","—","No"
"A8-12","accounting-forensics","6","CFO/EBITDA","Not Applicable (sector)","N/A","ratio","FY25","FY24","N/A","Financials overlay","N/A","0","25","0","5","Medium","[MODULE_RULES, Financials overlay]","2025-12-31","EBITDA not decision-useful for a lender.","No","—","No"
"A8-13","accounting-forensics","9","Consolidation perimeter","Green","No adverse evidence located","—","FY25/H1 FY26","FY24","Stable","Explained changes","Green","1","20","0","3","Medium","[FY25 Form 20-F, Note 2; H1 FY26 Interim Report, Note 2]","2026-06-30","Coverage limited to reviewed filings.","No","—","No"
"A8-14","accounting-forensics","2","Beneish M-score","Not Applicable (sector)","N/A","score","FY25","FY24","N/A","Financials overlay","N/A","0","25","0","5","High","[MODULE_RULES, Financials overlay]","2025-12-31","Do not force a non-financial model.","No","—","No"
"A8-15","accounting-forensics","5","Revenue vs cash taxes","Green","+37.0 vs +30.0","% growth","FY25","FY24","Both rise","Revenue up/cash tax flat = red","Green","1","15","0","5","High","[FY25 Form 20-F, profit or loss/cash flows]","2025-12-31","No paper-revenue signal in this check.","No","—","No"
"A8-16","accounting-forensics","9","Segment/geography shifts","Amber","Managerial P&L","—","Q4 FY25","N/A","New","Visibility-improving","Amber","4","10","0","4","Medium","[FY25 Form 20-F, Item 5 p.158]","2025-12-31","Track comparability through FY26.","No","—","Yes"
"A8-17","accounting-forensics","3","Dechow F-score","Not Applicable (sector)","N/A","score","FY25","FY24","N/A","Financials overlay","N/A","0","25","0","5","High","[MODULE_RULES, Financials overlay]","2025-12-31","Do not force a non-financial model.","No","—","No"
"A8-18","accounting-forensics","3","Issuance in flagged year","Not Applicable (sector)","N/A","—","FY25","FY24","N/A","Battery invalid","N/A","0","25","0","5","Medium","[MODULE_RULES, Financials overlay]","2025-12-31","No F/TATA flag exists.","No","—","No"
"A8-19","accounting-forensics","4","Cash authenticity","Insufficient Data","Bank names/confirmations not public","—","FY25","FY24","N/A","Confirmation evidence","N/A","6","15","0","4","High","[FY25 Form 20-F, Note 11; auditor report]","2025-12-31","Cash categories disclosed; procedure/counterparty evidence unavailable.","No","—","Yes"
"A8-20","accounting-forensics","10","Regulator-found divergence","Amber","2 historical declaration fines","count","2026 sweep","N/A","Historical","No divergence","Amber","4","10","0","4","High","[BCB Decisions 1005/2020, 930/2021; Sweep Log]","2026-08-30","No located accounting divergence, but compliance history warrants monitoring.","No","—","Yes"
"A14-01","accounting-forensics","11","Net debt/EBITDA","Not Applicable (sector)","N/A","turns","H1 FY26","FY25","N/A","Financials overlay","N/A","0","15","0","5","High","[H1 FY26 Interim Report, financial position]","2026-06-30","Strict net cash US$8,869.4m is a limited check only.","No","—","No"
"A14-02","accounting-forensics","11","Related loans/advances / assets","Insufficient Data","Not quantified","% assets","FY25","FY24","N/A","<2% / red >5%","N/A","1","15","0","4","High","[FY25 Form 20-F, Note 28]","2025-12-31","Terms described as ordinary-course, amount not disclosed.","No","—","Yes"
"12-001","regulatory-legal-and-compliance","1","A9-01 — enforcement history, five-year lookback","Amber","3 BCB orders / R$62,500 total; 2 orders within five years","BRL","2020–2021","N/A","Historical","N/A","N/A","10","20","0","5","Low","BCB Decisions 1002/2020, 496/2021 and 930/2021","2026-08-30","Repeated subsidiary reporting fines are a hygiene signal, not proven material parent enforcement","No","N/A","Confirm whether any later BCB orders exist and whether Nu remediated the reporting control"
"12-002","regulatory-legal-and-compliance","1","A9-01 — individual BCB Decision 1002/2020","Amber","25,000","BRL","2020-12-08","N/A","Historical","N/A","N/A","0","0","0","5","Low","BCB Decision 1002/2020 — COPAS","2026-08-30","Outside five-year score window; included for repeated-conduct context","No","N/A","None beyond consolidated BCB follow-up"
"12-003","regulatory-legal-and-compliance","1","A9-01 — individual BCB Decision 496/2021","Amber","25,000","BRL","2021-05-21","N/A","Historical","N/A","N/A","0","0","0","5","Low","BCB Decision 496/2021 — COPAS","2026-08-30","Within five years; low-value late-reporting fine","No","N/A","Confirm remediation/control changes"
"12-004","regulatory-legal-and-compliance","1","A9-01 — individual BCB Decision 930/2021","Amber","12,500","BRL","2021-10-22","N/A","Historical","N/A","N/A","0","0","0","5","Low","BCB Decision 930/2021 — COPAS, pp. 1–3","2026-08-30","Decision records a 47-day delay; no fraud finding stated","No","N/A","Confirm remediation/control changes"
"12-005","regulatory-legal-and-compliance","1","A9-02 — active investigations and forensic audits","Amber","1 ANPD monitoring case with conflicting official status","cases","2024–2026","N/A","Unresolved","N/A","N/A","8","20","0","4","Medium uncertainty","ANPD current monitoring list; ANPD 2025 monitoring report p. 35","2026-08-30","Current list and historical closure report conflict; no monetary sanction is published","No","N/A","Obtain ANPD docket status and closure/order documents"
"12-006","regulatory-legal-and-compliance","4","A9-03 — whistleblower machinery","Amber","1 policy/channel; 0 complaint statistics found","policies / statistics","FY25","N/A","N/A","N/A","N/A","2","10","0","3","Medium","FY25 Form 20-F, pp. 94, 240","2026-08-30","Policy exists, but effectiveness cannot be tested without usage/outcome data","No","N/A","Request complaint, resolution and retaliation statistics"
"12-007","regulatory-legal-and-compliance","3","A9-05 — rating conduct","Insufficient Data","0 complete current agency-owned 24-month action histories retrieved","histories","2024–2026","N/A","N/A","N/A","N/A","8","15","0","2","Medium uncertainty","S&P/Moody's/Fitch issuer-specific searches","2026-08-30","Cannot test notches, non-cooperation tags or withdrawals","No","N/A","Obtain official agency rating histories and withdrawal notices"
"12-008","regulatory-legal-and-compliance","2","A9-06 — exchange fines","Insufficient Data","0 of 8 requested NYSE quarters reconstructed","quarters","Q3 2024–Q2 2026","N/A","N/A","N/A","N/A","10","15","0","2","Medium uncertainty","NYSE issuer-specific regulation search","2026-08-30","Archive coverage is too incomplete for a green hygiene conclusion","No","N/A","Pull NYSE quarterly disciplinary/noncompliance notices"
"12-009","regulatory-legal-and-compliance","5","A9-07 — insider-trading conduct","Insufficient Data","0 confirmed company/KMP official actions in limited battery","actions","Through 2026-08-30","N/A","N/A","N/A","N/A","0","0","0","2","Unknown","SEC and NYSE issuer-specific searches","2026-08-30","Limited search did not prove absence; no person-level item to hand to 07","No","N/A","Complete regulator/order and beneficial-owner review"
"12-010","regulatory-legal-and-compliance","6","A9-08 — sanctions/export-control/AML exposure","Insufficient Data","0 public items returned; direct lists not queried","hits","Through 2026-08-30","N/A","N/A","N/A","N/A","0","0","0","2","Unknown","OFAC/UN/UK/World Bank domain searches","2026-08-30","No sanctions-clearance conclusion is possible","No","N/A","Run direct sanctions, debarment and AML enforcement-list queries"
"12-011","regulatory-legal-and-compliance","7","A9-09 — ESG/environmental/consumer penalties","Amber","1 Procon first-instance decision; 1 ANPD monitoring process","matters","2024–2026","N/A","Unresolved","N/A","N/A","0","0","0","4","Medium uncertainty","Pará official gazette; ANPD records","2026-08-30","Procon appeal status and ANPD status need confirmation; neither is proven material","No","N/A","Obtain Procon appeal/payment and ANPD docket outcomes"
"12-012","regulatory-legal-and-compliance","7","A9-09 — individual Procon Pará order","Amber","7,000","UPF","2025-09-04","N/A","Pending appeal status","N/A","N/A","0","0","0","4","Medium uncertainty","Diário Oficial do Estado do Pará, Resenha 77/2025","2026-08-30","First-instance consumer decision; no BRL conversion or finality established","No","N/A","Verify appeal, payment and any later decision"
"12-013","regulatory-legal-and-compliance","8","A9-10 — litigation-register reconciliation","Amber","0 material undisclosed cases proven; 3 subsidiary regulatory/consumer matters not individually identified","cases","FY25–2026","N/A","N/A","N/A","N/A","2","20","0","3","Medium uncertainty","FY25 Form 20-F Item 8; BCB, ANPD and Pará sources","2026-08-30","No RF-CMP-001 because each omitted individual matter lacks established materiality; courts incomplete","No","N/A","Complete court sweep and assess amounts/finality"
"12-014","regulatory-legal-and-compliance","4","A9-11 — messenger response","Not Applicable","0 verified company-directed messenger allegations returned in limited battery","allegations","Through 2026-08-30","N/A","N/A","N/A","N/A","0","0","0","2","Unknown","Adverse-media battery","2026-08-30","No response record to grade; this is not an assertion that no allegation exists anywhere","No","N/A","Repeat with comprehensive media/legal database access"
"12-015","regulatory-legal-and-compliance","2","A7-01 — filing timeliness","Insufficient Data","3 observed FY26 reporting filings; 0 of 12 comparable periods deadline-tested","filings / quarters","FY25–Q2 2026","N/A","N/A","N/A","N/A","0","0","0","3","Medium uncertainty","SEC EDGAR issuer filings","2026-08-30","Observed dates cannot establish 12-quarter timeliness or chronic lateness","No","N/A","Rebuild all 12 deadlines and filing timestamps"
"12-016","regulatory-legal-and-compliance","3","A14-03 — quality of lenders","Insufficient Data","1 named creditor (DFC) in limited relationship graph; full roster unavailable","lenders","2026","N/A","N/A","N/A","N/A","0","0","0","2","Medium uncertainty","Capital IQ relationship graph, 2026-08-29","2026-08-30","Single relationship cannot establish lender mix, entries/exits or funding stress","No","N/A","Obtain debt-note lender roster and terms"
